warehouse_name,warehouse_id,warehouse_capacity,reference,brand,model,manufacture_country,manufacture_year,unit_price_mad,stock_quantity,total_value_mad,tire_id,warehouse_tire_id
magaza 1,MOR2511150923W1,10000,155/70 R13 75T,Triangle,,CN,2025,350.0,4,1400.0,bc27f089-e1a5-4857-87db-4f3f5d910f0c,7fb7f1d3-ff94-4ed8-a80f-6043a26ac7fe
magaza 1,MOR2511150923W1,10000,155/70 R13 75T,Funtoma,,TR,2026,340.0,1,340.0,4e6c7cea-8675-42d8-8e2a-446cc11035ba,af5ea81b-059b-41ad-b248-63998c65a877
magaza 1,MOR2511150923W1,10000,155/70 R13 75T,Durun,,CN,2025,340.0,3,1020.0,95d46295-27ec-4f34-8541-49e6865ba3a9,a3b1634d-2c42-4ba9-8406-738df8887269
magaza 1,MOR2511150923W1,10000,155/70 R13 75T,Petlas (Simple),,TR,2026,350.0,2,700.0,fd9ae4b5-0f0a-4777-b6b3-7f0f77339e24,5aaa2a30-6e56-4871-b44d-1487cb411f3f
magaza 1,MOR2511150923W1,10000,225/70 R15 100T,Evergreen,,CN,2025,800.0,1,800.0,3df25346-eb94-421c-a787-7695077371d5,76161150-efd9-4770-95cf-b62f75fedab5
magaza 1,MOR2511150923W1,10000,225/60 R17 99H,Nexen,,KR,2025,950.0,1,950.0,58c5f607-dbc3-4b77-bda4-fb934c0a47bd,5ca8fc55-f670-43a4-9ed1-f5ecdcffddee
magaza 1,MOR2511150923W1,10000,165/70 r14,Montreal,,CA,2025,400.0,1,400.0,fe5f44f1-bee9-4f31-983c-cb9309a059bf,d7fc9db2-019f-473b-a473-d850baf976c7
magaza 1,MOR2511150923W1,10000,215/65 R16 98T,Laufenn,,KR,2025,800.0,4,3200.0,2bdfa41b-26ef-439c-8a0f-c90d114f58fa,31e2f7f2-3fa8-4ff3-bd9c-bbe57e8705d6
magaza 1,MOR2511150923W1,10000,205/55 R16 91V,Starmaxx,,TR,2025,590.0,7,4130.0,babc8510-ba6d-4a1b-a7b1-f737c3e31590,294c2b2e-788c-4b41-b686-e2c0dc2eecb7
magaza 1,MOR2511150923W1,10000,245/45 R18 96V,Goodyear,,US,2025,900.0,1,900.0,9234a491-d8fb-4be1-b035-477f253cc182,14ef1756-2f9d-4640-a916-ce980968ec41
magaza 1,MOR2511150923W1,10000,215/60 R16 95V,Petlas,,TR,2025,700.0,3,2100.0,cd53c202-9f88-4763-bdc5-0cf04335d303,65deb49e-b8f1-4811-ae09-7050d2c45f57
magaza 1,MOR2511150923W1,10000,225/40 R18 92V XL,Laufenn,,KR,2025,750.0,1,750.0,dd25df76-7310-4f6b-974f-dec27646d6aa,4e56cd18-e91e-4b27-b80f-8fecdd24886e
magaza 1,MOR2511150923W1,10000,215/55 R16 93V,Petlas,,TR,2025,700.0,1,700.0,b0e970d6-e171-46a3-90b0-983c5f57d1fc,e8a1deba-4a78-478f-aa3b-7804ddb3cace
magaza 1,MOR2511150923W1,10000,215/55 R17 94V,Momo,,IT,2026,680.0,1,680.0,818fe672-5599-45b5-832a-89ab9c8467be,e5c173a7-6450-46b1-8bee-6fbe1f9f9adc
magaza 1,MOR2511150923W1,10000,155/80 R13 79T,Lassa,,TR,2025,460.0,2,920.0,b9ee70cd-77d0-4a7f-a2ec-f1ca08291238,4731f849-424a-4bac-80a9-af8641139a17
magaza 1,MOR2511150923W1,10000,315/80 R22.5,Petlas Muti D,,TR,2026,3500.0,0,0.0,4e85dd84-50dc-4257-8b42-b9af31fe1acf,68bb358a-9436-40d6-8923-c4240938d6cd
magaza 1,MOR2511150923W1,10000,235/65 R16 103T,Petlas,,TR,2025,900.0,1,900.0,3ae8ccd3-068e-4e2a-b8b3-26b0941d2f46,bf69f04a-2014-4697-887b-4da828dbd46e
magaza 1,MOR2511150923W1,10000,155/70 R13 75T,Lassa,,TR,2025,420.0,2,840.0,2d268dec-003d-4657-b9ed-dd9520e2b496,e0fe3cf9-8f94-418d-a046-b56456bbecd5
magaza 1,MOR2511150923W1,10000,235/55 R17 99V XL,Petlas,,TR,2025,800.0,1,800.0,6a60ce0d-6c46-45e0-8f43-8e5cbe7fe23d,ad4d1427-2e3e-4236-ba8e-050fd2926ac8
magaza 1,MOR2511150923W1,10000,195/45 R16,Petlas,,TR,2025,500.0,1,500.0,e38c8f57-de99-4ff2-90c2-1dbcf147a273,c4d11baf-fcc8-4e2f-bc87-9a3f5c81141f
magaza 1,MOR2511150923W1,10000,215/75 R16 C,Lassa,,TR,2025,1150.0,22,25300.0,43185448-5eb8-4bb8-9e1e-89c16fcceabc,a64b6598-0a4f-4eca-ad47-a07b751ab7a0
magaza 1,MOR2511150923W1,10000,195/55 R16 87V,Delinte,,TR,2025,500.0,30,15000.0,eaf51431-c90f-4c5d-91ea-37d4cdc5adfe,766ee325-3e16-4987-98fa-31d2a4e60eba
magaza 1,MOR2511150923W1,10000,215 R14,Starmaxx,,TR,2025,820.0,11,9020.0,b1788d4e-d873-449c-ba3f-7d6f23f83cd6,d2f1db1e-51f3-4ace-9d91-f6f9e197615c
magaza 1,MOR2511150923W1,10000,205/60 R16 92V,Petlas,,TR,2025,605.0,0,0.0,34d1ad79-8392-4b71-be61-f2dd95b15dae,f84db9d6-cd2a-46e8-9a40-649dfb62fe49
magaza 1,MOR2511150923W1,10000,225/40 R18 92V XL,Leufenn,,HU,2025,780.0,47,36660.0,9e826741-b5e9-4a0c-84ec-bc38691a7b31,df7d98f4-fa91-4825-aa1f-b00f17a66c5a
magaza 1,MOR2511150923W1,10000,215/65 R17 99V,Delinte,,TR,2025,770.0,15,11550.0,e88fa07c-e5be-48b1-a12b-111653716c55,cbf48753-8f71-47cb-ad6d-2b6441097a04
magaza 1,MOR2511150923W1,10000,215/60 R17 96H,Hankook,,HU,2025,1130.0,2,2260.0,88ce0b84-244e-467f-9f5c-e341ad2b6f2d,e12b6d51-3a37-40d9-bb3d-f245b009c3e5
magaza 1,MOR2511150923W1,10000,225/45 R18 91V,Delinte,,TR,2025,750.0,0,0.0,a06b3209-8d81-401c-82a5-2ea1bdf9309d,8b569058-c6ef-451e-9272-87b93acf1b6a
magaza 1,MOR2511150923W1,10000,205/55 R15 88V,Lassa(Green),,TR,2026,640.0,7,4480.0,7779648f-176c-4090-b872-8ab1c82f13d6,1c8041c7-b5fd-4619-aed3-bf2d37407505
magaza 1,MOR2511150923W1,10000,185/60 R15 84H,Boto,,CN,2025,470.0,2,940.0,9b9c6cf4-6755-4554-951f-99cacf6557dc,b7491e6a-54b8-43a6-96e9-fc1ea3c050a4
magaza 1,MOR2511150923W1,10000,195 R14,Delinte,,TR,2025,650.0,0,0.0,42cd43d0-fdc8-4bae-b26c-380bfb991b60,1c6e951b-840c-4841-b87a-8aa26ee4d195
magaza 1,MOR2511150923W1,10000,225/60 R17 99H,Leufenn,,HU,2025,890.0,0,0.0,015dc1bf-cb27-49ef-ade6-bcf40b2a467a,53ea1b24-353b-454d-ab9f-a18803c00efe
magaza 1,MOR2511150923W1,10000,215/65 R16 98T,Delinte,,TR,2025,670.0,0,0.0,caa0d065-2475-445c-a35b-b6d465fe2a94,6ea0d6b2-f329-4667-9b80-2989502e8459
magaza 1,MOR2511150923W1,10000,175/70 R14 84T,Boto,,CN,2025,390.0,1,390.0,6682f11a-ca8e-4acd-825f-c9a065e70aeb,cf258fb7-0b58-422d-8274-64d2ccce9667
magaza 1,MOR2511150923W1,10000,185/65 R15 88T,Leufenn,,HU,2025,480.0,0,0.0,e30d7bec-1d07-4967-8518-f9a07f64a8fe,e345d81f-b2a2-4198-9a45-5cdf0d99faed
magaza 1,MOR2511150923W1,10000,205 R14,Delinte,,TR,2025,730.0,0,0.0,058c40ee-4827-45b2-8cd9-659d75eafc32,b2bc05f0-d156-41d7-a49c-8a1a5c9e3181
magaza 1,MOR2511150923W1,10000,195 R14,Starmaxx,,TR,2025,750.0,21,15750.0,6179f383-284e-49cd-b3a2-1747176a1260,35bc27bf-4fbf-4789-8153-92998a892921
magaza 1,MOR2511150923W1,10000,215/60 R17 96H,Delinte,,TR,2025,740.0,0,0.0,a0f7cbcc-5530-4df0-808f-381bca38235f,e617c78c-1093-4e29-b026-f32b38e09884
magaza 1,MOR2511150923W1,10000,215/55 R16 93V,Delinte,,TR,2025,700.0,10,7000.0,09712e60-3952-49f5-b49a-5f3f098b5368,1f5888f6-a8ed-499a-affd-cef5bfc10f8f
magaza 1,MOR2511150923W1,10000,215/65 R16 98T,Starmaxx,,TR,2025,690.0,0,0.0,0ed4c6af-1cfd-4499-ae38-511f5afc8ee0,04b41e83-20f9-4f69-baa8-585cd5cab872
magaza 1,MOR2511150923W1,10000,175/70 R13 82T,Boto,,CN,2025,360.0,0,0.0,cf1b1b05-88e9-45d7-9e26-c43ab521db15,210fbaa5-3643-43ea-92e6-0302e2fe0333
magaza 1,MOR2511150923W1,10000,205/55 R16 91V,Boto,,CN,2025,480.0,8,3840.0,37761685-20dc-40cd-a066-9cdeed697c55,822da522-5b41-446c-8605-92ee1d96aac8
magaza 1,MOR2511150923W1,10000,8.5 R17.5,Triangle,,CN,2025,1400.0,0,0.0,02b0f321-946a-41e7-9222-9668b77a0ec5,ab5f662f-c28d-4369-8926-c34d833f8153
magaza 1,MOR2511150923W1,10000,205/55 R16 91V,Montreal,,CA,2025,490.0,0,0.0,b2bd020b-8ce5-4153-b9d1-96c68e4bdeff,526ad907-db52-4f25-9e15-bf3baa34ded0
magaza 1,MOR2511150923W1,10000,165/70 R13 79T,Boto,,CN,2025,350.0,0,0.0,00e03eeb-b8c2-4eb7-90eb-5a4c7d47535a,0d00558b-00a6-4225-b27d-8cc939985043
magaza 1,MOR2511150923W1,10000,225/40 R18 92V XL,Delinte,,TR,2025,660.0,27,17820.0,2da1ce45-2e15-422b-8dcc-82c1d0a45b57,1d89dcaf-e63d-486d-a282-078206c41bbc
magaza 1,MOR2511150923W1,10000,195/55 R16 87V,Boto,,CN,2025,500.0,12,6000.0,a3627c0a-9e70-4ecd-b900-c612a66e005c,f394a0c8-54c4-400f-b41c-ada14fa49896
magaza 1,MOR2511150923W1,10000,185/65 R15 88T,Delinte,,TR,2025,450.0,35,15750.0,4d0669be-3b0a-44c7-83ad-75a9ad1d232a,60b1b928-6537-4435-80c4-aba5625cf170
magaza 1,MOR2511150923W1,10000,175/70 R14 84T,Starmaxx,,TR,2025,420.0,11,4620.0,9b51cebb-b708-4b5d-91af-0f13552e91da,93712454-14f9-45be-8f4c-49e4d5d9a357
magaza 1,MOR2511150923W1,10000,205 R14,Lassa,,TR,2025,920.0,0,0.0,1c855d3c-baae-4d55-88b5-8a780d1a41c2,f41ced53-88d2-40d3-ab1e-43c0e806df96
magaza 1,MOR2511150923W1,10000,165 R13,Lassa,,TR,2025,640.0,3,1920.0,0933155f-0688-43a4-86d0-6987108bdfce,c8bc84e1-043a-44ab-b12e-750f09442526
magaza 1,MOR2511150923W1,10000,195/55 R16 87V,Lassa,,TR,2025,660.0,0,0.0,47d3402a-0fca-4b24-b354-3d583345f486,fa5f4a7e-e2e0-4854-941d-c0052723773e
magaza 1,MOR2511150923W1,10000,205/60 R16 92V,Kelly,,US,2025,670.0,1,670.0,f08eb200-c8c4-4ddc-b4fa-ff0a00326b79,903be26a-ca55-4731-82eb-548d0465cb47
magaza 1,MOR2511150923W1,10000,165/70 R13 79T,waterfall,,TR,2026,330.0,1,330.0,d83ac491-027b-46f2-968b-475813431119,a4a115ce-36db-4b15-a033-2d2b2aecb51c
magaza 1,MOR2511150923W1,10000,165/70 R13 79T,Durun,,CN,2025,340.0,1,340.0,bd845684-517d-423f-a332-3d8160166093,99b6532c-66fd-4dd8-83ad-ed9992b0c17b
magaza 1,MOR2511150923W1,10000,185/65 R14 86H,Montreal,,CA,2025,400.0,2,800.0,17233c85-7450-41f3-8ce7-439460411375,9611ec5b-2239-4b4c-8bfb-5a4e7dd8aaa7
magaza 1,MOR2511150923W1,10000,165/70 R13 79T,Landspider,,CN,2026,330.0,2,660.0,837f6e21-f6bf-4314-8f07-8736eb0a14c5,0f7abfb9-11db-428f-aec0-f5aa54576f81
magaza 1,MOR2511150923W1,10000,205/70 R15 96T,Lassa,,TR,2025,940.0,11,10340.0,93d75486-ade6-4271-b097-46ff6ff4c4b4,3293984e-4668-495a-88e1-703a46a5ba7a
magaza 1,MOR2511150923W1,10000,185/65 R14 86H,Triangle,,CN,2025,400.0,1,400.0,c2b31457-fbec-4424-a9d4-54da20067326,2d99263d-344f-498e-8c5d-e91708903e23
magaza 1,MOR2511150923W1,10000,185/65 R14 86H,Laufenn,,KR,2025,480.0,2,960.0,2f69683a-b761-4026-a690-166c264a330c,5f4430ba-f188-4221-bffb-85379f1b9bb1
magaza 1,MOR2511150923W1,10000,175/70 R13 82T,Landspider,,CN,2026,360.0,2,720.0,340ccdec-22d1-4498-8e13-07839c6542d5,45ef5aa2-538a-4eb9-babb-351af84a8373
magaza 1,MOR2511150923W1,10000,215/70 R15 98T,Petlas,,TR,2025,875.0,11,9625.0,623839ab-7fca-4b09-a0da-f30074315878,b861b5e2-484a-48a4-a785-4eb7c710a3df
magaza 1,MOR2511150923W1,10000,215/70 R15 98T,Lassa,,TR,2025,960.0,40,38400.0,cf5c0517-f127-4c0e-b29d-8de0bf853f3d,0b0d64ae-bce6-4a19-b889-aeb7dcb65fad
magaza 1,MOR2511150923W1,10000,225/70 R15 100T,Boto,,CN,2025,790.0,2,1580.0,e42ec498-d31f-41d6-a35f-e160be6b53ef,3dde10b8-b6d6-4985-b4ed-3a3316379388
magaza 1,MOR2511150923W1,10000,215/55 R16 93V,Lassa,,TR,2025,725.0,0,0.0,ee9996ce-1a6a-4f6e-acb1-952635dc20c4,6eaf3d04-e69c-45c7-801a-898a48bd1e18
magaza 1,MOR2511150923W1,10000,205/55 R16 91V,Nexen,,KR,2025,600.0,4,2400.0,867f0bc7-79a8-443e-8696-dbc323b2de91,09cb700d-5ce2-4a3d-be32-6d479aece465
magaza 1,MOR2511150923W1,10000,185/65 R14 86H,Nexen,,KR,2025,400.0,1,400.0,61150e9c-7bcb-4038-9bc1-d5df8740645a,f703ba44-b131-41f8-88f7-5af8064fb3a4
magaza 1,MOR2511150923W1,10000,165/65 R14,Nexen,,KR,2025,420.0,1,420.0,711933ad-39fa-4881-af6d-5fee45c263ed,9d79a81e-291f-4fde-b04e-7ff542fe4048
magaza 1,MOR2511150923W1,10000,165/70 R13 79T,Debica,,PL,2025,390.0,8,3120.0,7df199fe-c406-416b-85c9-144dccc0a9f5,0a85f43f-4ed4-4543-bf2b-95c801d130de
magaza 1,MOR2511150923W1,10000,245/45 R18 96V,Laufenn,,KR,2025,900.0,1,900.0,1a1a0ee6-d7ab-4b29-a6f6-230328d2f6f7,f01149f2-62bc-4d8a-aa7e-00f8a678eeeb
magaza 1,MOR2511150923W1,10000,205/65 R15 94V,Delinte,,TR,2025,500.0,1,500.0,8ab3b44b-4635-4b38-9634-24b42c29c352,292c8c64-ea0f-4a74-a05a-e890ec461d84
magaza 1,MOR2511150923W1,10000,185/65 R15 88T,DELINTE (D9D9),,TR,2026,570.0,22,12540.0,01850d3a-790c-4bea-a339-810720736d08,8615b54b-60a8-4a58-ae57-be8cfcf66057
magaza 1,MOR2511150923W1,10000,205 R14,Boto,,CN,2025,730.0,1,730.0,76d04652-a5cb-4af8-aeaa-f061eac81551,697b69b2-7709-44c6-9a7a-77684840e665
magaza 1,MOR2511150923W1,10000,185/60 R15 84H,Petlas (Simple),,TR,2026,450.0,0,0.0,ec3fd197-c7f1-43aa-84cf-fcd85220486a,760f47a7-bbfc-4038-bd4b-b506e1ccd427
magaza 1,MOR2511150923W1,10000,175/70 R14 84T,Lassa,,TR,2025,475.0,0,0.0,3b8248d7-2e7a-47e9-b8dd-24a724961aeb,dc1e99b9-2dc8-4589-98bd-9dc84209aadc
magaza 1,MOR2511150923W1,10000,235/55 R18 100V,Boto,,CN,2025,800.0,0,0.0,35ecf0f2-26cf-4ea3-a9ed-b7f1149d17e4,a95d0719-6ce8-4008-90c5-f67d8e2fd4c5
magaza 1,MOR2511150923W1,10000,205/60 R16 92V,Lassa(Green),,TR,2026,700.0,16,11200.0,1f3791e9-1a6b-413b-9a89-9628a105fc93,2a72a491-c00a-4b6a-8b58-483b969d8f76
magaza 1,MOR2511150923W1,10000,175/70 R13 82T,Laufenn,,KR,2025,380.0,0,0.0,cd6d5819-c0a9-4c4f-99e9-eca2a53dcf67,5f56d118-e869-4701-a181-ab291b122e18
magaza 1,MOR2511150923W1,10000,205 R14,Uniroyal,,DE,2025,890.0,4,3560.0,3d1b53c1-f19e-405c-8b94-157a36e7f13c,19958ed2-575b-492a-801e-f72c722ee99a
magaza 1,MOR2511150923W1,10000,165/70 R13 79T,Petlas (Simple),,TR,2026,375.0,0,0.0,99b5acc3-1cf2-4150-95bd-bd30cee315de,f7661fef-8a3e-479f-aef0-e5177e3e01d7
magaza 1,MOR2511150923W1,10000,750 R16,Lassa,,TR,2025,815.0,2,1630.0,6bbeb3d3-6ca8-47f6-8460-1b24186e50b5,37e7f5c5-2e6a-4902-81a5-f45836e92f2d
magaza 1,MOR2511150923W1,10000,165/70 R13 79T,Lassa(Atracta),,TR,2026,450.0,0,0.0,a12f1423-91ac-4744-bcc5-8e38643a96ae,be7d54ef-9817-4115-a1d3-5b4fd07cf137
magaza 1,MOR2511150923W1,10000,205/55 R16 91V,Lassa,,TR,2025,620.0,1,620.0,5d1b94f5-56a2-4161-b2d3-0193f41f1b7f,40aeb335-ef4e-4f47-ba86-7ad4f1ffd4f8
magaza 1,MOR2511150923W1,10000,205/60 R15 91V,Delinte,,TR,2025,600.0,20,12000.0,8b6488d6-7ce2-469c-a806-6218b441c9c1,dab3f78d-8ae6-486b-917d-68f726be4ca0
magaza 1,MOR2511150923W1,10000,225/45 R17 91V XL,Boto,,CN,2025,600.0,1,600.0,3318f6dd-3c0b-4fc2-963f-0cadf7c63060,31550802-ccf9-400c-af61-9a6fdf697360
magaza 1,MOR2511150923W1,10000,195/75 R16 C,Laufenn,,KR,2025,770.0,0,0.0,65eb33c8-8cd3-4369-8c16-cda77d1153d9,62b9fb12-ddcc-42b1-97cb-c85f43f4956c
magaza 1,MOR2511150923W1,10000,175/70 R13 82T,Lassa(Green),,TR,2026,450.0,76,34200.0,8c891e01-6672-47ab-9373-21e928af4aa5,9784bf42-3440-486c-af0a-d19b440159ba
magaza 1,MOR2511150923W1,10000,185/65 R14 86H,Petlas (Simple),,TR,2026,440.0,6,2640.0,f846d19a-4e73-4a94-98b7-191aeeeea1a9,5289ac43-2afa-4c29-9553-9f850042dfac
magaza 1,MOR2511150923W1,10000,185/65 R14 86H,DVR,,CN,2026,390.0,2,780.0,fb2c48a9-aada-4db3-823c-8606a4c70aca,886c2a96-705b-4b64-a179-4345d20c4e3e
magaza 1,MOR2511150923W1,10000,185/65 R15 88T,Petlas (Simple),,TR,2026,440.0,7,3080.0,a615182b-dc19-423f-9ba5-99f1176ad12a,d7afb82d-4f4b-4e81-9fba-63392e3eba66
magaza 1,MOR2511150923W1,10000,185/65 R15 88T,DVR,,CN,2026,420.0,2,840.0,c7714238-2432-4e2d-b5fd-bf82bc95820b,f7c5d301-a499-4078-b15f-afa47e2f4580
magaza 1,MOR2511150923W1,10000,195 R14,Lassa,,TR,2025,800.0,12,9600.0,cd551d2d-14c4-4871-bc18-b8c0bf53c53b,1c4438d1-3087-4e05-a9df-0190976c714e
magaza 1,MOR2511150923W1,10000,195/75 R16 C,Delinte,,TR,2025,800.0,1,800.0,9980929d-9b1f-40bd-a989-bf70afb66e48,5d949194-ddca-48ca-9f07-bb256400bb81
magaza 1,MOR2511150923W1,10000,215/70 R15 98T,Michelin,,ES,2025,1400.0,1,1400.0,da8cb91a-bb94-4fda-85d6-479cd06aee54,16335749-a029-494e-968d-ac01d699395e
magaza 1,MOR2511150923W1,10000,"8,5 r17,5",Lassa(Atracta),,TR,2026,1850.0,7,12950.0,f43d53ec-7cd9-454e-8e9e-cb5db883a8e5,336b28ce-3d17-4142-83bb-40e3ad4f6b5b
magaza 1,MOR2511150923W1,10000,"8,5 r17,5",Sailun,,CN,2025,1400.0,1,1400.0,4375dde4-d4bc-46da-87bc-a42ea8eac092,6483d7df-d455-4dbb-a0fa-2eb0982854be
magaza 1,MOR2511150923W1,10000,185/65 R15 88T,Starmaxx,,TR,2025,440.0,1,440.0,d5445c5b-de04-4050-b6cf-fecce69d92e8,e2b46164-1c3c-440c-8050-6f5ffc5be994
magaza 1,MOR2511150923W1,10000,185/65 R15 88T,Lassa(Revola),,TR,2026,530.0,16,8480.0,74cd9ab4-914d-40e5-b81f-0032513c1e7e,e2699316-2848-4faf-b3f7-e6d94e24213b
magaza 1,MOR2511150923W1,10000,185 R14,Dunlop,,GB,2025,700.0,2,1400.0,3001dc9d-67b2-4eb8-9594-310f7c4d94c4,142a649d-8ab6-4fd6-9375-e29d2ef58f18
magaza 1,MOR2511150923W1,10000,195 R14,Laufenn,,KR,2025,700.0,2,1400.0,b3c3e613-4c7d-4c67-a49b-956a6be1638a,e9c32ab0-3997-4b2d-bf12-08c43a6b010f
magaza 1,MOR2511150923W1,10000,235/65 R17 104T,Laufenn,,KR,2025,900.0,1,900.0,42902c6c-19d6-4d5f-a31a-2315620d9cf5,57497b06-fcaa-4948-a88e-47f82a224a2d
magaza 1,MOR2511150923W1,10000,235/65 R17 104T,Delinte,,TR,2025,800.0,1,800.0,1bc2b788-6d8d-4d4a-9adb-71d22f477320,9f7361c3-8829-46b1-aebf-635a8092a7d0
magaza 1,MOR2511150923W1,10000,205/55 R16 91V,zeetex,,ID,2026,480.0,1,480.0,0613499f-1379-481c-a484-16dbd51a2d01,d2513140-6343-4030-bb07-18548e019db1
magaza 1,MOR2511150923W1,10000,205 R14,Triangle,,CN,2025,0.01,1,0.01,5502d65c-250a-48d4-b700-dc66689652d0,78502e19-6602-4178-af88-922d8345c855
magaza 1,MOR2511150923W1,10000,185/65 R15 88T,Petlas,,TR,2025,450.0,61,27450.0,607c0855-f539-48e9-8c52-4de87a1b2f5d,2a19e258-0df1-4807-a334-383f9f948542
magaza 1,MOR2511150923W1,10000,8.5 R17.5,Austone,,CN,2026,0.01,0,0.0,75652062-947b-46b8-9e40-9e2acc3ab951,812c0cbc-ca7f-40cb-a9e6-bd6329224238
magaza 1,MOR2511150923W1,10000,185/65 R15 88T,Lassa(Green),,TR,2026,530.0,72,38160.0,01c83045-e924-47f3-82d1-f43f065ea294,e2be1d98-191d-486f-9dd6-c58910550504
magaza 1,MOR2511150923W1,10000,205/55 R16 91V,Laufenn,,KR,2025,570.0,0,0.0,b5dc8126-bd2a-42a4-b021-18d4c8cc1dbb,2cf3839d-b62a-40f0-ab01-2cf3cffea1cb
magaza 1,MOR2511150923W1,10000,185/65 R15 88T,Lassa(Atracta),,TR,2026,600.0,1,600.0,c67b4da9-2918-466f-90bf-f1f0c379a15e,057f356b-71b0-4e8f-b543-07efc403a133
magaza 1,MOR2511150923W1,10000,215/70 R15 98T,Lassa(Green),,TR,2026,980.0,0,0.0,5b33f198-d2e7-45af-b124-6e5cd3a16ba0,489b14fa-bd6e-4fd1-8165-89dc0ed9bf2f
magaza 1,MOR2511150923W1,10000,185/65 R15 88T,Hankook,,HU,2025,580.0,58,33640.0,8c493afc-0d7f-4737-a4f2-2a58f1c6afa6,11ec53b0-81b3-40b2-987a-fca69ba10d39
magaza 1,MOR2511150923W1,10000,225/45 R17 91V XL,Laufenn,,KR,2025,650.0,0,0.0,21debfe1-3dca-4acd-90a8-4d92e355ac45,3f2d378e-8437-4338-b022-74186cd3319a
magaza 1,MOR2511150923W1,10000,185/65 R15 88T,Laufenn,,KR,2025,480.0,0,0.0,dcfc487a-5deb-45c4-b3a3-7f6769454044,31632c12-03ed-4872-b959-d9e6242332a7
magaza 1,MOR2511150923W1,10000,185/65 R14 86H,Lassa(Atracta),,TR,2026,560.0,2,1120.0,ee636d41-76ce-4de6-b199-88588b1d5785,db0d1910-9445-474b-8851-6198f8280703
magaza 1,MOR2511150923W1,10000,185/65 R15 88T,Goodyear,,US,2025,565.0,2,1130.0,bfd38187-1177-4625-be41-6fc67b94df07,cf5f3879-3289-4c2e-86d8-080e37096bd6
magaza 1,MOR2511150923W1,10000,185 R14,Lassa,,TR,2025,740.0,14,10360.0,833bc1aa-b391-4e13-ae7e-d22c23b1899b,959afa22-a218-4876-bfc8-c9c9df055cac
magaza 1,MOR2511150923W1,10000,185/65 R15 88T,Bridgestone,,JP,2025,600.0,0,0.0,1ff7c8d9-10ed-456b-b7ad-f1c94f799c67,ea28aabd-f840-4360-8ab3-c79003acccc5
magaza 1,MOR2511150923W1,10000,175/65 R14 82T,Avantech,,CN,2026,340.0,1,340.0,e394b419-acba-49ce-accd-954fba3e4da3,de7911b1-9cc9-4a12-9941-53dec7173a75
magaza 1,MOR2511150923W1,10000,165/60 R14 75H,Sailun,,CN,2025,400.0,1,400.0,19cb559b-b00f-4693-9b72-791510172e67,84cd3a79-2404-45d1-8db4-d9af2243f0c1
magaza 1,MOR2511150923W1,10000,155/80 R13 79T,Durun,,CN,2025,370.0,2,740.0,a7e07bcd-a146-44c1-bd43-1549040ffb86,0a1935fa-aa30-4192-8083-55f5a9c7e72b
magaza 1,MOR2511150923W1,10000,205/65 R15 94V,Petlas (Simple),,TR,2026,600.0,3,1800.0,3add7ba2-dbf2-49b7-b166-07a35b3cd48e,940b96aa-a8dd-4630-8963-2fee919091a2
magaza 1,MOR2511150923W1,10000,205/75 R16 C,Lassa,,TR,2025,1000.0,1,1000.0,5328b90c-443c-4671-8d9c-b9ca9d3a1120,6c8befa6-4612-4b5a-8045-95f7accd7c31
magaza 1,MOR2511150923W1,10000,155 R13,Austone,,CN,2026,470.0,2,940.0,da3c5503-0105-444b-9f73-c03f1890b76b,f73c0896-a6e7-4992-8fa7-cf0c2594ae77
magaza 1,MOR2511150923W1,10000,165/65 R14,Lassa(Green),,TR,2026,440.0,1,440.0,0a9e87a2-1a7d-4e9e-bde5-84ea0c835b4a,dd5051c2-0924-4521-a6ab-1e9dc1edc417
magaza 1,MOR2511150923W1,10000,235/55 R17 99V XL,Laufenn,,KR,2025,900.0,0,0.0,a664f2d5-1a6d-4dbe-aded-33f885fefbb5,fc7c1323-8063-4f72-9942-55f79d7086f6
magaza 1,MOR2511150923W1,10000,205/45 R17 88V XL,Petlas,,TR,2025,600.0,4,2400.0,d7231ea5-0cdc-4556-8f51-4e39cff97774,410fe00a-df33-48af-9be0-3df1672245d0
magaza 1,MOR2511150923W1,10000,185/65 R15 88T,TIANFU,,CN,2026,410.0,2,820.0,41a3e905-1f24-4170-8d39-81a0d06de963,8feddee1-d3a4-453e-ad99-47a60bbe26bd
magaza 1,MOR2511150923W1,10000,185/70 R14 88T,Lassa(Atracta),,TR,2026,590.0,2,1180.0,cd23e4ce-e656-46e9-b092-03228756206a,cd81fcf2-15ee-44c3-b987-91442099b08a
magaza 1,MOR2511150923W1,10000,195 R15,Lassa,,TR,2025,940.0,14,13160.0,e89fac2d-82c2-4808-92e8-2f053eb41a91,47326369-7e66-43d4-a88c-1b345e6c0e4f
magaza 1,MOR2511150923W1,10000,195 R15,Austone,,CN,2026,720.0,2,1440.0,c0de955b-23dc-4a10-b842-d5f1ca51abc6,fcadc16b-0750-4a93-a9bb-e21301c6c739
magaza 1,MOR2511150923W1,10000,195 R15,Triangle,,CN,2025,750.0,2,1500.0,dea9c77e-d37e-4b7f-b502-6ffffa3f6a7d,68bf06d1-198c-4811-ac62-60da03459fa6
magaza 1,MOR2511150923W1,10000,195/70 R14 91T,Laufenn,,KR,2025,700.0,1,700.0,ec13de01-8d14-4810-9a5a-6a2bf2be8f38,595f615f-a728-407c-bbcb-74697ab36806
magaza 1,MOR2511150923W1,10000,175/65 R14 82T,Rotalla,,CN,2025,410.0,2,820.0,fdb3d66f-a98d-4570-bf98-7c71828d46b1,9e1f20c0-4a24-4044-8b43-4ed814173ce8
magaza 1,MOR2511150923W1,10000,195/65 R15 91T,Tracmax,,CN,2025,480.0,1,480.0,88fd1dea-0323-4b98-8ec1-7d3d1dc20532,39ad4a23-caf9-4e12-84b0-a75c28277f8c
magaza 1,MOR2511150923W1,10000,195/75 R16 C,Lassa,,TR,2025,1060.0,1,1060.0,7d8b3763-0daf-414d-a21b-0fc73e424d47,1bc0c41d-ce59-4dd5-99c3-0e8ca4d1c20e
magaza 1,MOR2511150923W1,10000,"13 r22,5",Petlas,,TR,2025,3800.0,0,0.0,9c67a672-4ce6-432a-b504-732f83648829,e9ffc9d3-9c93-444a-8958-f2630891f668
magaza 1,MOR2511150923W1,10000,185/65 R14 86H,Rotalla,,CN,2025,400.0,0,0.0,e2d78849-4ffb-43bc-bc4d-1d6eb47c554c,4a3a8119-57e1-42db-a990-6ec0fbb645a3
magaza 1,MOR2511150923W1,10000,195 R14,Triangle,,CN,2025,0.01,1,0.01,71b3ac17-fe44-44ac-9f35-baefec4ec8c8,6136e593-2fed-4560-af60-3b27a072d97d
magaza 1,MOR2511150923W1,10000,185/60 R14 82H,Lassa(Green),,TR,2026,570.0,11,6270.0,b9213bb1-d347-43b1-941b-fc1669dad40e,f6b9ae64-ac34-4d61-a25c-ff4469059f2e
magaza 1,MOR2511150923W1,10000,195/70 R15 97T,Lassa,,TR,2025,870.0,0,0.0,43da7fe2-3cb2-41ca-91f6-f7bac07e2871,dc1af3de-e492-42b7-8dd7-b2cdd5f879f6
magaza 1,MOR2511150923W1,10000,175/65 R14 82T,Triangle,,CN,2025,410.0,0,0.0,b7cfbbe8-1984-417a-8c05-3efb33510473,bce15476-05ea-44c1-b6f9-8d83f4350dae
magaza 1,MOR2511150923W1,10000,11 R22.5,Hankook,,HU,2025,3700.0,0,0.0,2c2bb8a1-847b-40da-908d-5da0db7be70d,40990700-3c56-46e3-ae3d-2f5093f57ce5
magaza 1,MOR2511150923W1,10000,175/65 R14 82T,Montreal,,CA,2025,360.0,6,2160.0,c1ba93fe-9e2a-4884-a1ec-4a83fe2bf68c,fd57fa57-7a82-44ed-b05b-98a7b28e7002
magaza 1,MOR2511150923W1,10000,175/65 R14 82T,Petlas,,TR,2025,415.0,0,0.0,c5eda0a2-ec56-4b97-8425-56d3ac5ffd4d,7bc8817d-58a5-4e33-bcd5-5dfdb7c687aa
magaza 1,MOR2511150923W1,10000,185 R14,Lassa(Green),,TR,2026,760.0,8,6080.0,e6b7a0b2-08b4-407e-b7a6-badef81d87b6,a696c779-8c43-4a4c-b954-024514d92e4a
magaza 1,MOR2511150923W1,10000,155 R13,Petlas (Simple),,TR,2026,510.0,0,0.0,87edf18e-298e-4f0c-814a-293d9a7e3305,cff05855-189c-496c-ae21-3c4b352c5ac8
magaza 1,MOR2511150923W1,10000,175/65 R14 82T,Lassa(Green),,TR,2026,470.0,32,15040.0,c13f2b95-6f65-4f17-868a-e3c842554ea1,793cbc4a-a3f8-4bc9-b055-6e156a950084
magaza 1,MOR2511150923W1,10000,165/60 R14 75H,Landspider,,CN,2026,400.0,0,0.0,f66aff02-9a98-4b36-9c28-cbcfa89ee656,bdb99bbb-31f4-4ca9-9180-008fa5e6012b
magaza 1,MOR2511150923W1,10000,195/65 R15 91T,Goodyear,,US,2025,560.0,4,2240.0,d762aa62-e136-4396-9ab3-66baeec42c50,2afebb30-236a-461b-ad52-d7f761a7b8da
magaza 1,MOR2511150923W1,10000,175/65 R14 82T,Laufenn,,KR,2025,420.0,2,840.0,cd2539c5-7771-4684-a524-1c65add3e8e1,899785b9-6452-4ac8-98b9-81f5e533a57b
magaza 1,MOR2511150923W1,10000,155/80 R13 79T,Lassa(Atracta),,TR,2026,465.0,5,2325.0,14932917-aee6-46bc-b793-95d57b4989be,da566eee-e8aa-405f-b2cf-11ca62fc1a4c
magaza 1,MOR2511150923W1,10000,205/45 R17 88V XL,Laufenn,,KR,2025,650.0,3,1950.0,e42c4abe-088d-4cc6-b952-23eaf4f6be9b,b67b6731-3d69-4a00-a658-56731c20a3a7
magaza 1,MOR2511150923W1,10000,175/65 R14 82T,Landspider,,CN,2026,360.0,0,0.0,a50383d8-ef72-43c9-b222-ded21de3f30c,bfe569e7-bb9e-406d-b975-f16ecdb5df71
magaza 1,MOR2511150923W1,10000,175/65 R14 82T,Goodyear,,US,2025,500.0,10,5000.0,c694d266-586e-4dfa-b198-f3bcc8dc530a,0370bb40-e452-46b1-82cb-b0efb0fe8920
magaza 1,MOR2511150923W1,10000,195/65 R15 91T,Austone,,CN,2026,470.0,1,470.0,1c665703-5e47-4547-9945-1f426fefe005,4b208593-5cb5-484a-b1a4-969cb42d64e5
magaza 1,MOR2511150923W1,10000,195/65 R14 89H,Goodyear,,US,2025,570.0,1,570.0,ef4801c3-00d0-44dc-bd70-1e522fbe4199,67710071-88a9-4935-ae6f-cde128b795a4
magaza 1,MOR2511150923W1,10000,195/65 R15 91T,Voyageur,,CN,2026,500.0,3,1500.0,6571697e-c9cb-4dad-b5ba-bd4299148f86,9d7356b1-9310-40d7-822e-7ed4f55209e7
magaza 1,MOR2511150923W1,10000,195/65 R15 91T,Landspider,,CN,2026,450.0,4,1800.0,abc3ed33-e440-44a2-ad93-2d469bbc4fc9,1fbe863b-e52a-4694-ac1a-0f1712e4a818
magaza 1,MOR2511150923W1,10000,155 R13,Lassa(Atracta),,TR,2026,580.0,1,580.0,28b499bd-6d09-41ed-9afd-23604f8f8980,eacd67f4-33ba-4741-85c7-22a3e4e97905
magaza 1,MOR2511150923W1,10000,195/65 R15 91T,Dunlop,,GB,2025,600.0,1,600.0,7044c110-fbfb-488c-a8a7-5ed755a4815c,7a88d086-aab4-45e3-8dd5-e927927b283c
magaza 1,MOR2511150923W1,10000,225/55 R16 95V,Lassa(Atracta),,TR,2026,950.0,1,950.0,de63a160-371e-45fe-b7ff-54ba7b725f26,8a070daa-251c-4210-9621-2b30b1a0709e
magaza 1,MOR2511150923W1,10000,215/55 R17 94V,Delinte,,TR,2025,730.0,6,4380.0,61953895-ba45-441c-8be7-721bfd096ba7,0c844e62-8d00-404c-907f-c3099efc1dcd
magaza 1,MOR2511150923W1,10000,195/65 R15 91T,DVR,,CN,2026,460.0,2,920.0,80a53dec-5d1e-4e10-a2ad-58063fa27e45,a9e4ead2-461e-40fd-b1b2-50696122ae09
magaza 1,MOR2511150923W1,10000,225/70 R15 100T,Michelin,,ES,2025,1530.0,1,1530.0,63762fd9-faba-48fc-8fa0-d7fb06befa12,5ddb2903-cce3-42d5-b895-4e6e96f3c47e
magaza 1,MOR2511150923W1,10000,175/70 R14 84T,Lassa(Green),,TR,2026,500.0,80,40000.0,a3d12439-eed3-4605-9b99-dfab98262017,62357876-4d19-4c57-8852-e6dba4756e77
magaza 1,MOR2511150923W1,10000,225/45 R17 91V XL,Lassa,,TR,2025,750.0,4,3000.0,6440b7df-02d3-48f3-9fc4-0a6388d04f81,6efda3da-b842-4a9d-a24f-862cb2b6788c
magaza 1,MOR2511150923W1,10000,225/45 R17 91V XL,Leao,,CN,2026,600.0,2,1200.0,668add32-1069-4001-89c7-250f3e90c65d,eee67a33-ff4e-4a16-89c2-e1b953b14be2
magaza 1,MOR2511150923W1,10000,195 R14,Petlas,,TR,2025,725.0,0,0.0,4f13205e-bdf8-473f-86d6-64788fe06ecc,8d25d0bc-2f38-4854-9aef-82165b3d1f28
magaza 1,MOR2511150923W1,10000,235/45 R18 94V,Delinte,,TR,2025,900.0,1,900.0,fd18a097-b909-457c-a6f3-0aab0f6bd9f4,1c866e14-4b4f-4eff-a6fb-693407424c20
magaza 1,MOR2511150923W1,10000,215/60 R17 96H,Laufenn,,KR,2025,830.0,1,830.0,669ace41-8758-46b2-8a42-1ab786020d29,da9f8136-c3de-4d1e-af58-ce218398e7ea
magaza 1,MOR2511150923W1,10000,195/65 R15 91T,Petlas (Simple),,TR,2026,490.0,2,980.0,6ae33aa8-b44d-4a20-b706-0d0c0a9b4d73,33f8ebab-c15b-4b28-b04a-441517d5217a
magaza 1,MOR2511150923W1,10000,175/70 R14 84T,Montreal,,CA,2025,360.0,1,360.0,22368153-55fd-40e3-988a-6ee571704628,7f4d1964-837e-4062-aefb-d57db89187b6
magaza 1,MOR2511150923W1,10000,205/60 R16 92V,Goodyear,,US,2025,750.0,1,750.0,7df9a5db-9e58-4ab1-818a-155fedd4a11c,64a95811-863a-4acb-838c-920776054b17
magaza 1,MOR2511150923W1,10000,225/70 R15 100T,Lassa,,TR,2025,1000.0,120,120000.0,c38f6780-914d-4076-8194-b56f36831774,8bc1c88e-4a02-4a81-b75e-aee0e7d99dfd
magaza 1,MOR2511150923W1,10000,195/70 R15 C,Lassa,,TR,2025,930.0,0,0.0,307f86a0-ce57-4b79-a971-e584285fd3f6,b8ff4d7f-6fc3-457a-bf32-08662e9ff07b
magaza 1,MOR2511150923W1,10000,215/55 R16 93V,Double Coin,,CN,2025,650.0,2,1300.0,53eb15d2-c842-48b9-b411-97ad549c9dd0,a7587429-1062-4a53-81f0-2cb3a7a40635
magaza 1,MOR2511150923W1,10000,175/70 R13 82T,Lassa,,TR,2025,450.0,2,900.0,3433c542-3646-4b08-b87d-74fd93574149,d9b5e41e-e94e-443b-8f15-fd4af385df7d
magaza 1,MOR2511150923W1,10000,225/70 R15 100T,Petlas,,TR,2025,930.0,0,0.0,c18e14d1-85c6-4be7-80f7-beebcaf55e05,70e9551f-bee1-4bcb-b569-e5de3eb07025
magaza 1,MOR2511150923W1,10000,185/65 R15 88T,Lassa,,TR,2025,515.0,3,1545.0,4b474ea9-5cc7-45af-9bcb-d094596670cc,eff996b5-baf6-45a5-924b-487e45549e86
magaza 1,MOR2511150923W1,10000,155/80 R13 79T,Petlas,,TR,2025,385.0,0,0.0,1fabd0a3-7bdd-48d9-b865-214e23c38e4a,94d4d3b3-aa1e-4071-9123-5ab979cd92cc
magaza 1,MOR2511150923W1,10000,175/70 R13 82T,Petlas,,TR,2025,380.0,0,0.0,f63274aa-bba3-4c99-b9cb-f6e16070ad8c,316032ba-8650-4f08-b63e-293eb21867cb
magaza 1,MOR2511150923W1,10000,195/65 R15 91T,Amine,,TN,2026,660.0,0,0.0,cd8b24ff-9405-4a94-99ec-a0656377541c,302a89b9-f2ca-49e3-a5eb-1f520b24ecac
magaza 1,MOR2511150923W1,10000,195/65 R15 91T,Laufenn,,KR,2025,480.0,35,16800.0,a870801b-832f-42d0-8266-a9cb3df398a8,ba1c44bc-45ec-4c44-8210-0c0788dedb6a
magaza 1,MOR2511150923W1,10000,195/65 R15 91T,Bridgestone,,JP,2025,640.0,0,0.0,a1df0c2d-2e66-47d0-8c78-29277974f7a4,7099b6a4-8f83-4968-b7da-d3d7550e0ac3
magaza 1,MOR2511150923W1,10000,175/70 R14 84T,Petlas,,TR,2025,425.0,93,39525.0,6f156874-80d3-475e-8a69-1291aa1387f2,301c9d3a-674a-40e4-bba9-929ca510f972
magaza 1,MOR2511150923W1,10000,195/65 R15 91T,Hankook,,HU,2025,590.0,25,14750.0,d1945b8d-c6cd-443f-a640-2841bbbc69a2,20cc4c70-1bbd-4654-9d82-bc979d31dd14
magaza 1,MOR2511150923W1,10000,195/65 R15 91T,Lassa(Green),,TR,2026,600.0,2,1200.0,6ed1d0c8-2569-4472-9140-de6a331b42e6,53f0f841-685e-4dc0-8ff0-f6a3488ed762
magaza 1,MOR2511150923W1,10000,185/70 R14 88T,Lassa(Green),,TR,2026,590.0,20,11800.0,26932c13-a49d-4606-94a5-43cd013bc889,f9d5eda4-1087-4989-bc92-befad4f383b9
magaza 1,MOR2511150923W1,10000,215/65 R16 98T,Sailun,,CN,2025,700.0,2,1400.0,9af7c305-16fb-4ea7-8488-c3d088876dba,969986e4-f708-4648-99ed-a07f08e8359b
magaza 1,MOR2511150923W1,10000,225/40 R19,Delinte,,TR,2025,900.0,1,900.0,3fff665f-b603-4316-8692-f215b35bde43,257749b8-fe9d-469f-8cd7-d403caeb5e73
magaza 1,MOR2511150923W1,10000,235/55 R18 100V,Hankook,,HU,2025,1000.0,1,1000.0,70b96a26-76c2-4783-890d-385201525c18,0663cd89-3349-42cc-bab9-3ed08688272d
magaza 1,MOR2511150923W1,10000,225/45 R17 91V XL,Lassa(Atracta),,TR,2026,770.0,7,5390.0,344078b2-8ccf-4a25-9cd3-724325a7ba75,b29180a1-3b18-45cf-b7e7-411a9eb482c4
magaza 1,MOR2511150923W1,10000,750 R16,Lassa(Green),,TR,2026,820.0,3,2460.0,c6340ca7-191d-4ffa-b229-393c903df5ba,9011c9f2-303d-4fc3-9048-9c38a9ea61ee
magaza 1,MOR2511150923W1,10000,215/65 R16 C,Petlas (Simple),,TR,2026,900.0,1,900.0,8f5b7aa4-a6bd-4453-9e6c-a641cfbf7b14,d312dc54-3b21-4fd9-a8a0-f48e99a8c5da
magaza 1,MOR2511150923W1,10000,155 R12 C,Leao,,CN,2026,365.0,0,0.0,f1022540-ffc4-43b7-b8b0-117f127e0f35,9071938c-ecc1-4b5c-9453-e485a468fc7e
magaza 1,MOR2511150923W1,10000,215/50 R17 91V,Delinte,,TR,2025,750.0,0,0.0,064fe01e-4268-4249-937a-bec609168373,bc968605-23f1-4f82-a337-5985a7c90238
magaza 1,MOR2511150923W1,10000,195/65 R15 91T,Petlas,,TR,2025,490.0,1,490.0,116d4b89-478d-493b-906c-be18b8ac932a,b07106cf-cab3-40f1-9dcb-957f2a5b0032
magaza 1,MOR2511150923W1,10000,155 R12 C,Lassa(Green),,TR,2026,590.0,1,590.0,12b7e82b-f5d2-4f72-b313-ae465d921e45,c71d4aae-3269-440e-a6bb-083cf44bc259
magaza 1,MOR2511150923W1,10000,195 R14,Landspider,,CN,2026,650.0,0,0.0,cd757961-a96d-460e-a9b7-4d8b3d6863bd,a8932de2-8b7a-44df-846e-9fe59473be90
magaza 1,MOR2511150923W1,10000,165/70 R13 79T,Montreal,,CA,2025,340.0,9,3060.0,b709ecdd-4326-443f-b874-b2c4cda45c37,58bc0a6e-7857-486e-9f5d-8a0684fa2742
magaza 1,MOR2511150923W1,10000,225/75 R16 C,Lassa(Green),,TR,2026,1170.0,0,0.0,c1ed819f-d3db-4ec7-88e9-28bdf670d5b1,4d102163-951c-4070-86e4-eb8521e735ed
magaza 1,MOR2511150923W1,10000,185/65 R15 88T,Boto,,CN,2025,430.0,0,0.0,ae76590f-d989-486c-9de7-d59d7c3f17a5,36c2a2df-7cc4-4bbf-a19a-446d95d086f4
magaza 1,MOR2511150923W1,10000,195 R14,Milestone ,,IT,2026,680.0,3,2040.0,56443e0c-e7c9-4d56-958f-f91df99321cf,9a3da163-b9a7-4fac-83e9-06ec0a8f6e60
magaza 1,MOR2511150923W1,10000,205/70 R15 96T,Petlas,,TR,2025,800.0,15,12000.0,2ea0eb88-f587-4f3f-8665-4aaae5d583cd,a4ec7baa-d960-4a44-8d20-26a9f7002dd6
magaza 1,MOR2511150923W1,10000,225/45 R19,Momo,,IT,2026,900.0,1,900.0,36f01b6e-8ab0-42fa-af66-b9ff8cf7a897,157c7827-1106-4e20-9db4-457946079a46
magaza 1,MOR2511150923W1,10000,205/50 R17 89V,Laufenn,,KR,2025,700.0,1,700.0,72dd4ab9-496a-429d-9b45-c44520327696,4ed8016d-d30c-44bb-9b6d-7fe6ff6c882f
magaza 1,MOR2511150923W1,10000,195 R15,Starmaxx,,TR,2025,830.0,0,0.0,a4597475-b8f9-4a1c-9a57-acf300b7986d,01ac6570-0278-4633-992d-0c4369051838
magaza 1,MOR2511150923W1,10000,225/45 R19,Delinte,,TR,2025,900.0,1,900.0,b17f73b5-72cf-40b4-89ea-9add7b32b749,649db1c5-8d20-44d5-94cf-5f06f0b55769
magaza 1,MOR2511150923W1,10000,195/60 R16 C,Triangle,,CN,2025,700.0,1,700.0,124f8343-d52c-4a2a-b5dc-c790411e048b,4e7fc029-d9cb-4307-a8d8-19005abd0de2
magaza 1,MOR2511150923W1,10000,225/45 R17 91V XL,Avantech,,CN,2026,500.0,2,1000.0,8fa54901-c926-483b-922e-45ebeca3f5ca,4fc32e63-c96c-4c69-8be5-56ced3d09a83
magaza 1,MOR2511150923W1,10000,195/60 R15 88H,Voyageur,,CN,2026,450.0,5,2250.0,f1b35c6d-6894-4521-944d-58166f30a170,72f53ea5-1ec4-4802-9515-60dc9132cffe
magaza 1,MOR2511150923W1,10000,195/60 R16 C,Lassa,,TR,2025,900.0,20,18000.0,10b96300-d0f6-46a6-9903-a34c2bbf7489,9acb31cf-3c29-4192-ac1a-bb0d918f4d65
magaza 1,MOR2511150923W1,10000,225/45 R17 91V XL,Delinte,,TR,2025,650.0,4,2600.0,eeef4463-d8de-4df5-929f-129da4cddc6c,3fecc80b-8975-4b50-8a9c-018d48f60b25
magaza 1,MOR2511150923W1,10000,195/50 R15,Laufenn,,KR,2025,480.0,12,5760.0,07d307d4-ef60-4d44-9f28-2f27bdbb7537,08eb93e3-ae2f-4055-bd79-4cfb48c93016
magaza 1,MOR2511150923W1,10000,185/70 R14 88T,Boto,,CN,2025,450.0,12,5400.0,1b49aeda-58af-4eef-a334-ef613a34a44c,5235f34b-11b5-44ef-99f3-b060a9968e83
magaza 1,MOR2511150923W1,10000,205/75 R16 C,Petlas,,TR,2025,1000.0,1,1000.0,d9ad3702-8538-4afe-bcae-27a88ecc56ae,8638892e-65a4-4a8b-b623-4cf608b69e1d
magaza 1,MOR2511150923W1,10000,195/60 R15 88H,Delinte,,TR,2025,400.0,1,400.0,0b9a96c9-57ec-4f4d-b825-c9bca34e2a7b,171b1c43-f7d4-4985-8b7d-2194a57acf58
magaza 1,MOR2511150923W1,10000,175/65 R14 82T,Starmaxx,,TR,2025,410.0,4,1640.0,61ab2a16-947e-41f1-9639-11b7899e14d7,da173038-0beb-4a33-a5d6-419ed3a78470
magaza 1,MOR2511150923W1,10000,195/50 R15,Boto,,CN,2025,460.0,16,7360.0,a150fc6f-8a87-43a5-8055-b371f9c6329d,da938d82-4bda-4239-831d-ab65e7b8cc03
magaza 1,MOR2511150923W1,10000,225/40 R18 92V XL,Lassa(Green),,TR,2026,750.0,2,1500.0,8a3d22fa-450d-4795-ba62-3b4479fefdf4,50399df0-462e-4cf5-bf03-71b22d837169
magaza 1,MOR2511150923W1,10000,185/65 R15 88T,Leao,,CN,2026,420.0,0,0.0,00b4c72d-0c42-4f66-a0b7-d77e5dce867a,6b07adba-e9f1-49ce-84ac-08c77c979da8
magaza 1,MOR2511150923W1,10000,185/60 R15 84H,Lassa(Green),,TR,2026,560.0,2,1120.0,b4539182-56df-4345-93c8-fa42e9c4561c,eaf11a99-1e99-405e-bfe1-cfa5ea339055
magaza 1,MOR2511150923W1,10000,205/60 R16 92V,Landspider,,CN,2026,550.0,3,1650.0,8b886c40-feae-43bd-90f2-3ca86136238e,a74ead0d-8845-4851-88ac-36b93a4a8a82
magaza 1,MOR2511150923W1,10000,235/55 r19,Laufenn,,KR,2025,900.0,1,900.0,2f603a18-b945-4240-a71e-c552ad8b76dc,39a09b47-4f22-4848-be18-8d8e39322e0b
magaza 1,MOR2511150923W1,10000,225/60 R16 98V,Laufenn,,KR,2025,950.0,4,3800.0,69c25ecd-ace6-403f-b936-74a452835c84,c5e23133-aa73-4b14-94af-56bf672bc8db
magaza 1,MOR2511150923W1,10000,205/55 R16 91V,Goodyear,,US,2025,600.0,0,0.0,1b8b72df-d986-4cef-988c-e19fecb485e1,8a0f7424-adda-4849-9517-5c809f9b55ac
magaza 1,MOR2511150923W1,10000,205/55 R15 88V,Dunlop,,GB,2025,700.0,1,700.0,594641ba-bd09-406f-87f8-0026f6a3e9aa,430246c1-bdaa-4da5-aaf9-48c881bc48c7
magaza 1,MOR2511150923W1,10000,205/60 R16 92V,Delinte,,TR,2025,600.0,0,0.0,22a7aaa6-2db1-42fd-ab2b-5e37716b6194,88b0201f-2de8-4dc8-b411-f601e5a2cf62
magaza 1,MOR2511150923W1,10000,195/60 R16 89H,Voyageur,,CN,2026,530.0,2,1060.0,b0612968-24cd-4de5-a66b-3a9d54ac6576,c563e6a5-5f23-499f-a69b-cbf4c084b942
magaza 1,MOR2511150923W1,10000,185/60 R15 84H,Lassa,,TR,2025,520.0,1,520.0,14656071-1c55-4514-997e-03de61978f6f,23cc047c-664a-4d10-8ea9-25e6fd6d8648
magaza 1,MOR2511150923W1,10000,195/55 R15 85H,Lassa,,TR,2025,520.0,2,1040.0,fbbf5e2f-dec0-4c63-bf21-70f49dee10b3,c258268d-2057-4112-95f8-8292414d27ad
magaza 1,MOR2511150923W1,10000,215 R14,Petlas,,TR,2025,820.0,0,0.0,2200af5e-66b2-423c-915c-2e9b43762fa4,b217a548-1272-40a4-9d84-ecce4bf76abc
magaza 1,MOR2511150923W1,10000,195/60 R15 88H,Lassa,,TR,2025,580.0,3,1740.0,f05b3a93-dc6d-4a55-a1b0-e5f78cc8e2bc,a5071801-4125-4edf-8f9d-3a3868c36042
magaza 1,MOR2511150923W1,10000,185/60 R15 84H,Petlas,,TR,2025,460.0,1,460.0,8a3499cc-66e9-4c06-a978-9ec00b33a643,adcaf515-ed06-4e79-9d5a-6107dd563563
magaza 1,MOR2511150923W1,10000,205/55 R16 91V,Dunlop,,GB,2025,600.0,3,1800.0,8aadc3ce-9489-4e3a-ad08-bcb67ef7f8d9,a13a1a39-3117-4223-af15-35633ebaa3a7
magaza 1,MOR2511150923W1,10000,205/55 R16 91V,Hankook,,HU,2025,680.0,66,44880.0,b5826ee5-9b90-4f2c-9e70-caabef994975,9d6d7b29-8e34-496d-9ca4-e96d6c109c19
magaza 1,MOR2511150923W1,10000,205/55 R16 91V,Lassa(Green),,TR,2026,620.0,22,13640.0,c81ae577-8ffc-4d16-8a7f-971887268adb,f4d62e67-e891-4b4c-ad6f-e12d7081ddca
magaza 1,MOR2511150923W1,10000,195/60 R15 88H,Lassa(Green),,TR,2026,540.0,1,540.0,24ae2652-f4e8-4e71-b1d5-db7a23617870,95f86f4e-2001-4f1f-9166-7356a55277b6
magaza 1,MOR2511150923W1,10000,195/50 R15,Lassa(Atracta),,TR,2026,550.0,3,1650.0,ca46e67c-098e-44db-86e1-9a838d41ad5c,558c85ee-0c26-4a4f-937e-6f32d606c859
magaza 1,MOR2511150923W1,10000,195/55 R16 87V,Lassa(Green),,TR,2026,650.0,0,0.0,78053734-67f0-4477-bc73-ba5184517e51,170cfd89-b324-4d83-8ffe-86407536daad
magaza 1,MOR2511150923W1,10000,165/60 R14 75H,Delinte,,TR,2025,400.0,2,800.0,1c424fb7-a8fe-4718-9a1f-80fc58fec70a,c5550e32-5b32-4e8f-a69b-61a4729a6aa3
magaza 1,MOR2511150923W1,10000,195/55 R16 87V,Rotalla,,CN,2025,550.0,1,550.0,be3ff677-acc1-4ff7-a793-bdf4b5f97857,0f409fdb-7923-46d7-8ceb-08df8aeca02e
magaza 1,MOR2511150923W1,10000,205/60 R16 92V,CITY STAR,,CN,2026,540.0,6,3240.0,442eff9f-7a6b-4bbb-80d4-2ab90a916568,e31798ae-d4f1-4f74-b206-49c4473c4ac5
magaza 1,MOR2511150923W1,10000,225/60 R17 99H,Lassa,,TR,2025,1000.0,6,6000.0,0043a846-0fab-4938-8521-c4f011d258fd,b2f549b8-992f-4d6a-b7f5-f6e5f6ed9279
magaza 1,MOR2511150923W1,10000,215/65 R16 98T,Landspider,,CN,2026,650.0,7,4550.0,3da964a9-87f6-4d07-8300-4245483ccac0,7f986e63-3a7d-4f0c-9b49-1fe80b293d44
magaza 1,MOR2511150923W1,10000,205/65 R15 94V,Petlas,,TR,2025,580.0,2,1160.0,715ced5b-1625-461b-a67d-1dda6242c1fc,19fcd752-ccf5-4b24-8427-138efa1ba6f4
magaza 1,MOR2511150923W1,10000,205/55 R16 91V,Petlas,,TR,2025,590.0,1,590.0,55bf46ed-400e-4664-8a96-aea4088d5c38,5fec0711-960d-438b-ab24-2133135be6d0
magaza 1,MOR2511150923W1,10000,165/60 R14 75H,Rotalla,,CN,2025,400.0,2,800.0,0f10c053-dfa0-4ba3-b3e4-b8e619efd4f1,46bfc2b0-d0eb-41ed-8a51-00ad4c732acc
magaza 1,MOR2511150923W1,10000,185/65 R14 86H,Landspider,,CN,2026,400.0,1,400.0,f29f9152-897a-4a0f-bc9e-f0b34fb814ee,f18b58b1-0ebb-4957-9a6d-a5b17bf0c770
magaza 1,MOR2511150923W1,10000,185/65 R15 88T,CITY STAR,,CN,2026,410.0,2,820.0,197897a3-1880-450e-b051-6e92e8a243c4,c6e8a9f9-2b94-406e-9c53-e2d10a738a90
magaza 1,MOR2511150923W1,10000,225/75 R16 C,Petlas,,TR,2025,1120.0,39,43680.0,19089f2e-b8b9-421c-b740-a9c4f4765203,aa3dbdff-8804-4211-a2e4-9f327f690e2e
magaza 1,MOR2511150923W1,10000,195/55 R16 87V,Laufenn,,KR,2025,680.0,0,0.0,8cc05db0-d5d1-4472-9f91-257f68bff50d,132d882d-c153-4260-ace8-86a3f0d67088
magaza 1,MOR2511150923W1,10000,195/55 R16 87V,CITY STAR,,CN,2026,475.0,2,950.0,7b5d970b-80bd-48cc-b14d-510fc75c91d7,fb697513-7af6-4dad-a7a6-89e463249c82
magaza 1,MOR2511150923W1,10000,195/55 R16 87V,Goodyear,,US,2025,710.0,0,0.0,85ff073e-6c35-4188-8227-0cbbd6d873a5,07e96219-ef7a-4f96-88f5-3064f33a1711
magaza 1,MOR2511150923W1,10000,185/65 R15 88T,Rotalla,,CN,2025,440.0,1,440.0,a6b51f6f-bbda-4f66-9657-d01f45e1bbfc,13093bab-69a0-4c59-8213-7f61448a70a7
magaza 1,MOR2511150923W1,10000,185/65 R15 88T,Triangle,,CN,2025,450.0,1,450.0,ee122b21-01c4-4a08-8a75-0da37fbb9012,3e855d50-3ba9-4e5e-b13b-57e55671cf11
magaza 1,MOR2511150923W1,10000,215/65 R16 98T,Boto,,CN,2025,680.0,2,1360.0,b43d95f8-8850-478b-8d30-d1eefc8e29a5,e58c726b-ee57-4f89-b4ae-82ebfe48ca5b
magaza 1,MOR2511150923W1,10000,175/70 R14 84T,Triangle,,CN,2025,420.0,1,420.0,1b3717f0-2c28-4d8b-86ea-aa9860f815bc,add8dae3-b0ef-4ac8-a930-ca5f53d22cc2
magaza 1,MOR2511150923W1,10000,205/55 R15 88V,zeetex,,ID,2026,480.0,3,1440.0,0d24c48b-bd38-462e-ab8b-f17af526a358,7a074a12-be17-4d45-8b19-1cc3b7097eb2
magaza 1,MOR2511150923W1,10000,205/55 R15 88V,Momo,,IT,2026,550.0,1,550.0,0ced5e7b-6e0c-48d2-9cb4-86c5b11ff000,c9f99c69-00a6-47a1-a45f-d7ec1725cf7a
magaza 1,MOR2511150923W1,10000,195/65 R15 91T,Rotalla,,CN,2025,470.0,1,470.0,777a6829-c249-455e-8c81-64b7f3be2fc4,6dd34a79-90ba-4e56-a426-da980b6e5af0
magaza 1,MOR2511150923W1,10000,185 R14,Landspider,,CN,2026,600.0,3,1800.0,e09a5d84-2b93-4777-8af4-e91e64035484,84c53ba9-5229-4b83-b2af-997816242b6a
magaza 1,MOR2511150923W1,10000,185 R14,Amine,,TN,2026,830.0,9,7470.0,b74537a3-ea9a-4e7c-8210-4a764ea092af,317c9521-4652-46a9-8ab9-328c6cd6099f
magaza 1,MOR2511150923W1,10000,205/55 R16 91V,Rotalla,,CN,2025,480.0,1,480.0,ff45e728-6cc2-4444-bbca-8d069b8c1ed6,36cdb79c-7064-4de3-96b8-172704d88f40
magaza 1,MOR2511150923W1,10000,195/75 R16 C,Michelin,,ES,2025,1300.0,0,0.0,26a70541-be18-46a2-816b-6d8d2127f82e,23410e1c-6eca-45c3-ae85-8a3ae7ab48d5
magaza 1,MOR2511150923W1,10000,175/65 R14 82T,Delinte,,TR,2025,390.0,0,0.0,3d913242-a4ff-46cd-8498-e2c52f148eed,d807ea4c-2434-4b4f-808a-20f50b70c7a0
magaza 1,MOR2511150923W1,10000,195/75 R16 C,Goodyear,,US,2025,900.0,17,15300.0,5805acbc-855c-469e-b623-de04679a8b6e,d3f6c385-ebf4-482a-a86a-9a994329783f
magaza 1,MOR2511150923W1,10000,235/65 R16 103T,Lassa,,TR,2025,1170.0,7,8190.0,fe5e2286-e231-47c3-a9ef-3b222f007d06,50a9b809-306c-408f-b64d-ef05c6d40cc7
magaza 1,MOR2511150923W1,10000,165 R13,Triangle,,CN,2025,520.0,0,0.0,a25672d1-ce07-466c-8e6f-449f907e9a54,8c5ed271-23b7-46a0-ae48-ba0026b72a63
magaza 1,MOR2511150923W1,10000,185/70 R14 88T,Rotalla,,CN,2025,430.0,0,0.0,3c837c13-1c62-4cb4-94dd-e73b93e2fd4e,76ee7b43-3031-4979-9080-77737af12b50
magaza 1,MOR2511150923W1,10000,205/55 R16 91V,Momo,,IT,2026,530.0,2,1060.0,84fb6bc4-d53c-4275-8b32-e28d47d71295,305f32d1-f86f-4731-a4ba-4bb9460d2a62
magaza 1,MOR2511150923W1,10000,175/70 R14 84T,Rotalla,,CN,2025,390.0,6,2340.0,c2b6456b-7ae3-4f35-bb8d-cb138477e84d,7b724fde-70c3-43a9-83e5-ea64af7115be
magaza 1,MOR2511150923W1,10000,195/60 R16 89H,Delinte,,TR,2025,680.0,2,1360.0,5f7e5323-95f4-4915-963d-ff31b42cf82a,4275c0f4-c8dd-4e2e-aa19-215c88f922b9
magaza 1,MOR2511150923W1,10000,225/65 R16 100T,Lassa,,TR,2025,1150.0,20,23000.0,df899015-b146-4d04-81ec-ffd2e1d2be1f,5747115a-b439-4207-b817-26225ad7b196
magaza 1,MOR2511150923W1,10000,175/70 R13 82T,Rotalla,,CN,2025,350.0,6,2100.0,59edd57f-fe12-4f13-9523-d70e495617e6,30722e4c-5523-48fa-bcc5-f904c64e3870
magaza 1,MOR2511150923W1,10000,175/70 R13 82T,Leufenn,,HU,2025,380.0,41,15580.0,e8b32e2a-6a3d-48c6-8e7e-1836242bc800,aba05aeb-263a-4e6b-808a-9bc494bedbda
magaza 1,MOR2511150923W1,10000,750 R18,Lassa,,TR,2025,940.0,8,7520.0,b96dedb3-e8ff-499e-ab66-55fdf37a7269,b57e57a9-b406-4d61-a9b1-4ad7e074bbfc
magaza 1,MOR2511150923W1,10000,9.5 R17.5,Bridgestone,,JP,2025,3600.0,0,0.0,9801202a-4746-49da-addd-2aadfe02b1f4,29cc83e0-cd76-4345-ae8a-abfde284100d
magaza 1,MOR2511150923W1,10000,265/65 R17 112T,Lassa,,TR,2025,1380.0,0,0.0,d39b773f-9f4b-4b38-8bc9-8c5fc90b24ac,66dbde73-1b7e-4e25-805d-0d1f5f026bde
magaza 1,MOR2511150923W1,10000,155 R12 C,Boto,,CN,2025,360.0,9,3240.0,c6a2e40d-0043-453d-9311-47c9c8f29e7a,0391f366-17ce-46db-aba8-0cfdf0c06814
magaza 1,MOR2511150923W1,10000,175/70 R14 84T,Delinte,,TR,2025,440.0,2,880.0,76cb1a99-3634-4fe4-aaa2-8a765aedd6cc,8313e392-4339-4b31-93fb-1548d1b226a2
magaza 1,MOR2511150923W1,10000,195/65 R15 91T,Leufenn,,HU,2025,480.0,90,43200.0,a7dad908-cb00-412c-81d5-783ac3039bd1,7a66061e-ab62-4f02-883a-15953b290ddc
magaza 1,MOR2511150923W1,10000,195/55 R15 85H,Lassa(Green),,TR,2026,655.0,0,0.0,431d1cae-24c2-4434-94b4-5c85817f691f,9da9f00c-5613-4a9d-8097-aa68b42a9f00
magaza 1,MOR2511150923W1,10000,215/65 R16 98T,Lassa,,TR,2025,870.0,23,20010.0,1dd51828-3eeb-4b86-973f-28b8d5b7a311,2b84da9a-782d-462b-b813-4ca892e9e974
magaza 1,MOR2511150923W1,10000,205/55 R16 91V,Leufenn,,HU,2025,550.0,68,37400.0,13daa4e8-cf11-40d6-994d-b579cb84bc0d,2625ff07-17b9-4e3d-afe3-17b78f8ca8e7
magaza 1,MOR2511150923W1,10000,195/75 R16 C,Leufenn,,HU,2025,750.0,8,6000.0,77e75a91-f13c-4f40-a002-b2ab1ebe9def,59276f9d-133e-45a8-95d2-71ddfaec7179
magaza 1,MOR2511150923W1,10000,205 R14,Starmaxx,,TR,2025,800.0,38,30400.0,d223e2c0-44d6-49a1-ab1d-74a403479a5b,1e636855-4a8f-45ae-9c1c-571028846898
magaza 1,MOR2511150923W1,10000,185/65 R14 86H,Tracmax,,CN,2025,400.0,20,8000.0,76295ffb-af78-4196-a416-29fbb40fd5e4,7f2300ce-0338-4720-86b2-97757e870230
magaza 1,MOR2511150923W1,10000,175/70 R13 82T,Starmaxx,,TR,2025,380.0,10,3800.0,e0498381-d01c-483a-a1bc-e360280133e3,c04732bf-06c9-4019-bd74-304a0c4af3a9
magaza 1,MOR2511150923W1,10000,195/60 R16 89H,Lassa,,TR,2025,895.0,4,3580.0,8ff2e4ea-a475-4f0d-a81e-aa903b5a53a1,dff87916-e041-4c0d-8a80-f7e343676857
magaza 1,MOR2511150923W1,10000,225/70 R15 100T,Starmaxx,,TR,2025,960.0,20,19200.0,1f500ef6-edf8-46d1-a341-e45a436dd268,f55f039d-a381-4f89-919a-875e123e99d6
magaza 1,MOR2511150923W1,10000,18/04 R30,Petlas,,TR,2025,5000.0,2,10000.0,ac43340a-3ba4-489b-8c3d-2d659387478c,52a41edf-a72f-4c83-b5f3-05d8e7feebf1
magaza 1,MOR2511150923W1,10000,155 R12 C,Petlas,,TR,2025,440.0,0,0.0,88c6d509-44ed-40d2-b771-63bc3b8cd1f7,8776faa7-a51a-4614-896a-3e6ea60d8b07
magaza 1,MOR2511150923W1,10000,195 R14,Amine,,TN,2026,780.0,14,10920.0,cc1c3deb-00c5-49fd-bb7b-150d47358c60,60d32a32-b16e-4579-ab1d-924dc3226691
magaza 1,MOR2511150923W1,10000,225/70 R16 103T,Petlas,,TR,2025,1120.0,0,0.0,c346d3a4-fbfc-4969-a03d-ef363d033569,002ba22d-9fd7-4f99-a55a-029ccd2ef889
magaza 1,MOR2511150923W1,10000,185/65 R14 86H,Lassa(Green),,TR,2026,535.0,26,13910.0,c3afcfb3-5e75-4354-8f68-34f3fb5b5e06,2ab40d05-d17e-4c0f-a91a-6ccc4e8454ca
magaza 1,MOR2511150923W1,10000,245/70 R16 107T,Amine,,TN,2026,900.0,6,5400.0,d3750703-1ad1-485e-902f-2a17357bdcca,641bc4b8-c5d4-4f34-a7d8-b6fa4efc1b58
magaza 1,MOR2511150923W1,10000,225/75 R16 C,Goodyear,,US,2025,1600.0,4,6400.0,e106c0ab-4dae-4332-b364-dc369a63efa5,f6825c2d-456d-4963-be4d-7ad656a34240
magaza 1,MOR2511150923W1,10000,175/70 R14 84T,Amine,,TN,2026,480.0,0,0.0,82a53daf-713f-4850-aea5-5d810ac6fe48,6b3ae9bd-f498-435c-8b8a-2b8af2e9d6b4
magaza 1,MOR2511150923W1,10000,155 R13,Petlas,,TR,2025,514.0,13,6682.0,02a7ece3-870c-4767-874f-3ab9b6c935f5,6233eed8-b05a-4ca6-aad6-5e0c6f029efa
magaza 1,MOR2511150923W1,10000,225/75 R16 C,Lassa,,TR,2025,1250.0,31,38750.0,43a00b26-f8f3-47f1-a965-6aa7344929fe,d5af457d-c626-4922-b503-0dc8cbdc5853
magaza 1,MOR2511150923W1,10000,185/65 R14 86H,Petlas,,TR,2025,440.0,2,880.0,30ad49fd-8427-4b9c-a95c-a4177071f7df,5d40d36a-a17e-45da-8283-7e9c7430668c
magaza 1,MOR2511150923W1,10000,225/65 R17 102H,Leao,,CN,2026,800.0,0,0.0,bf80235b-ac4f-4639-a028-07ca473d2f3f,20dcee02-72b1-45cf-92db-68bf0ab8db8a
magaza 1,MOR2511150923W1,10000,175/65 R14 82T,Amine,,TN,2026,480.0,56,26880.0,16d098e4-569d-44d4-8bb2-0147015d65b7,d151db73-1617-45cb-b36f-de27d1efdadb
magaza 1,MOR2511150923W1,10000,195/75 R16 C,Amine,,TN,2026,845.0,38,32110.0,35d42642-65a0-439a-b28e-96bda1fd2925,7d876b0f-4031-46f6-ac39-f55d8ddf92e9
magaza 1,MOR2511150923W1,10000,185 R14,Petlas,,TR,2025,690.0,0,0.0,9c704ce5-a3c7-46e7-a298-3a4a2ab9d153,3a3ef414-e750-4c43-b0e2-2afb7b1ea12d
magaza 1,MOR2511150923W1,10000,165/70 R13 79T,Amine,,TN,2026,440.0,16,7040.0,daf4cde0-90fa-44ca-a6a8-e8ad8683a8b9,dd38ae80-75f1-49e6-98fc-f978d44af118
magaza 1,MOR2511150923W1,10000,185/65 R15 88T,Amine,,TN,2026,535.0,50,26750.0,5b849943-5bcd-4033-a7c8-4d2d9cd560e2,13704a8f-22a3-499d-bee7-e5525900742d
magaza 1,MOR2511150923W1,10000,155 R13,Lassa,,TR,2025,575.0,7,4025.0,3343c13d-12fb-450c-89cd-ec5ff5afc2bd,fa929ccc-ed14-43c3-953e-4ff2d31e8dc6
magaza 1,MOR2511150923W1,10000,215/65 R16 98T,Petlas,,TR,2025,680.0,18,12240.0,8e9779b0-b3d7-4807-925c-d5140e33fa94,524606cb-d546-4387-ba31-615ee74a8e26
magaza 1,MOR2511150923W1,10000,165/70 R13 79T,Petlas,,TR,2025,370.0,17,6290.0,b452966b-a88c-48fa-8066-b54534b2273c,47658ac1-7100-4c30-a6b4-f6c2f46d569b
magaza 2,MOR2511150923W2,10000,185/65 R15 88T,Rotalla,,CN,2025,440.0,2,880.0,a6b51f6f-bbda-4f66-9657-d01f45e1bbfc,793aa989-4996-41e4-956d-0721e646846e
magaza 2,MOR2511150923W2,10000,205/55 R16 91V,zeetex,,ID,2026,480.0,9,4320.0,0613499f-1379-481c-a484-16dbd51a2d01,61255f42-6e42-4cef-b0ff-12cf8b84ebaf
magaza 2,MOR2511150923W2,10000,155 R13,Petlas,,TR,2025,520.0,0,0.0,02a7ece3-870c-4767-874f-3ab9b6c935f5,88ee3f2b-ce53-4993-8017-fa00d730e43b
magaza 2,MOR2511150923W2,10000,195/50 R15,Starmaxx,,TR,2025,500.0,1,500.0,101eebb5-88c7-4328-bbb9-7e926ee0e41f,6a4b6c9f-984e-4c04-80b3-379ab6f372ce
magaza 2,MOR2511150923W2,10000,185/65 R15 88T,Nexen,,KR,2025,450.0,4,1800.0,d926b83c-ac70-4b81-b0a4-f93f8300bfcd,059ab605-7c8f-45d5-a10c-af8f2994b316
magaza 2,MOR2511150923W2,10000,195/50 R15,Laufenn,,KR,2025,490.0,2,980.0,07d307d4-ef60-4d44-9f28-2f27bdbb7537,25d3ef87-c23a-4167-bfb0-3a39b7920a5b
magaza 2,MOR2511150923W2,10000,215/70 R15 98T,Michelin,,ES,2025,1480.0,2,2960.0,da8cb91a-bb94-4fda-85d6-479cd06aee54,a09ceec7-f086-4549-b13c-9c2953f62947
magaza 2,MOR2511150923W2,10000,225/60 R17 99H,Leufenn,,HU,2025,900.0,7,6300.0,015dc1bf-cb27-49ef-ade6-bcf40b2a467a,1d0a9f5a-f46f-44db-88aa-0e7d78cedd32
magaza 2,MOR2511150923W2,10000,18/04 R30,Lassa,,TR,2025,6400.0,0,0.0,1a093c8a-0c8e-45dd-acd9-4bb5e027b0e6,2e1f20e3-7e4d-4d8e-9d90-69ed10abce4e
magaza 2,MOR2511150923W2,10000,175/70 R14 84T,Funtoma,,TR,2026,360.0,2,720.0,5b0ea29f-cc05-4969-89fa-af55238f91e9,add55f22-57ac-4a8c-819d-ef7aa8bbac96
magaza 2,MOR2511150923W2,10000,165/65 R14,Nexen,,KR,2025,400.0,1,400.0,711933ad-39fa-4881-af6d-5fee45c263ed,e58508bc-b55d-4479-8f21-fb356e8946c8
magaza 2,MOR2511150923W2,10000,195/50 R15,Lassa,,TR,2025,520.0,1,520.0,d06b7aaf-2e9d-435a-9d2c-011476f435af,52ed2e36-524b-4106-ba95-3884754375cf
magaza 2,MOR2511150923W2,10000,185/65 R15 88T,TIANFU,,CN,2026,410.0,50,20500.0,41a3e905-1f24-4170-8d39-81a0d06de963,1568620d-4774-41a9-9dbf-2a02bd1ed1c8
magaza 2,MOR2511150923W2,10000,185/65 R15 88T,Petlas,,TR,2025,450.0,5,2250.0,607c0855-f539-48e9-8c52-4de87a1b2f5d,2955d4c5-4b97-4fc4-96ba-b834f3fa5d91
magaza 2,MOR2511150923W2,10000,185/65 R15 88T,Sailun,,CN,2025,420.0,1,420.0,004a4b52-85d6-47ea-b2d7-f91d3830e210,85cc7991-ad0e-4d93-900d-0eb95c5cbe71
magaza 2,MOR2511150923W2,10000,205/55 R15 88V,Semperit,,AT,2025,620.0,1,620.0,38b9c4bd-c9a1-40db-9f15-cbaf6a9f0e97,c9a9edc9-9564-47e7-9cb2-96ffe3da4b7c
magaza 2,MOR2511150923W2,10000,225/70 R15 100T,Petlas,,TR,2025,930.0,0,0.0,c18e14d1-85c6-4be7-80f7-beebcaf55e05,85ae08e3-f462-4dd8-be2e-13eae2b07cc2
magaza 2,MOR2511150923W2,10000,225/70 R15 100T,Dunlop,,GB,2025,1000.0,1,1000.0,6a7c4400-8bde-4188-ba93-2addb63fbfef,b8b0b10d-a835-4e37-87cf-dc2d9782cb93
magaza 2,MOR2511150923W2,10000,225/45 R18 91V,Goodyear,,US,2025,1000.0,2,2000.0,fcd373f9-8ad2-4196-916a-ec3e76c0fcc3,56707a5b-47a2-429a-9f32-3224a85f3da5
magaza 2,MOR2511150923W2,10000,205/55 R16 91V,Semperit,,AT,2025,640.0,2,1280.0,171187a2-880a-418a-a55f-05769cd45050,1715eca0-b044-46d9-b73f-489d29a3f434
magaza 2,MOR2511150923W2,10000,175/65 R14 82T,Starmaxx,,TR,2025,410.0,5,2050.0,61ab2a16-947e-41f1-9639-11b7899e14d7,a924b835-92d4-48a6-a86e-fdfb31188b81
magaza 2,MOR2511150923W2,10000,195 R14,Lassa,,TR,2025,810.0,4,3240.0,cd551d2d-14c4-4871-bc18-b8c0bf53c53b,c130ceb4-99a8-407a-9419-50504234ce1c
magaza 2,MOR2511150923W2,10000,185/65 R15 88T,Leufenn,,HU,2025,480.0,12,5760.0,e30d7bec-1d07-4967-8518-f9a07f64a8fe,5dcb77bb-c23e-46e4-a631-d6c60777c492
magaza 2,MOR2511150923W2,10000,185/65 R15 88T,Michelin,,ES,2025,800.0,5,4000.0,374dd416-ab5e-4228-b2c5-60df0c6b6283,de46c708-d64a-43bb-b91e-4d90094d4347
magaza 2,MOR2511150923W2,10000,9.5 R17.5,Triangle,,CN,2025,1750.0,2,3500.0,f2e055ea-f72c-4107-a560-039787b2a8d3,66f44fc1-9f7e-437f-9ef1-9fa2f2562112
magaza 2,MOR2511150923W2,10000,215/60 R17 96H,Hankook,,HU,2025,1130.0,2,2260.0,88ce0b84-244e-467f-9f5c-e341ad2b6f2d,c27a637f-eb43-47fc-a02a-882062e43a87
magaza 2,MOR2511150923W2,10000,175/65 R14 82T,Goodyear,,US,2025,500.0,2,1000.0,c694d266-586e-4dfa-b198-f3bcc8dc530a,c82921be-567b-471e-9058-5fe944540d52
magaza 2,MOR2511150923W2,10000,215/65 R16 98T,Lassa,,TR,2025,880.0,2,1760.0,1dd51828-3eeb-4b86-973f-28b8d5b7a311,5fa3d53f-5771-44a1-9150-0da611922dd9
magaza 2,MOR2511150923W2,10000,195/65 R15 91T,Petlas (Simple),,TR,2026,490.0,0,0.0,6ae33aa8-b44d-4a20-b706-0d0c0a9b4d73,3192bb05-8078-4138-a17a-2d067e9c7a57
magaza 2,MOR2511150923W2,10000,195/65 R15 91T,Leufenn,,HU,2025,480.0,17,8160.0,a7dad908-cb00-412c-81d5-783ac3039bd1,83bffc5b-530d-4def-9d03-9c5d5e80e5bb
magaza 2,MOR2511150923W2,10000,225/70 R15 100T,Michelin,,ES,2025,1580.0,0,0.0,63762fd9-faba-48fc-8fa0-d7fb06befa12,e70eaf5a-835c-45ac-a89e-f5f5dd340a5c
magaza 2,MOR2511150923W2,10000,225/50 R18 95V,Delinte,,TR,2025,800.0,0,0.0,be839862-e27b-4be0-b5df-17d157f159ac,479e75f8-e9ca-47da-b26b-3b91e75130f7
magaza 2,MOR2511150923W2,10000,185 R14,Lassa,,TR,2025,800.0,1,800.0,833bc1aa-b391-4e13-ae7e-d22c23b1899b,3fddba11-8d0a-402d-a940-8272b6922ca3
magaza 2,MOR2511150923W2,10000,225/70 R15 100T,Kleber,,FR,2025,1190.0,98,116620.0,e7cc7bd4-1a07-49dd-80b4-8d92df413034,8b90b393-16e1-49d9-8ec4-abcbee6c66c2
magaza 2,MOR2511150923W2,10000,175/65 R14 82T,Montreal,,CA,2025,360.0,5,1800.0,c1ba93fe-9e2a-4884-a1ec-4a83fe2bf68c,0fa8f84c-bfdf-4810-bec7-c3a761f334e1
magaza 2,MOR2511150923W2,10000,8.5 R17.5,Triangle,,CN,2025,1400.0,1,1400.0,02b0f321-946a-41e7-9222-9668b77a0ec5,3e7dbd26-ad3b-40ac-92c3-caebc65d8ea2
magaza 2,MOR2511150923W2,10000,195/70 R15 97T,Lassa,,TR,2025,875.0,4,3500.0,43da7fe2-3cb2-41ca-91f6-f7bac07e2871,63e1bedc-a5ca-44b3-a446-38d5bb10c295
magaza 2,MOR2511150923W2,10000,185/65 R15 88T,Lassa(Green),,TR,2026,520.0,0,0.0,01c83045-e924-47f3-82d1-f43f065ea294,ca1db127-9b90-403d-b0ef-4d87060c2b34
magaza 2,MOR2511150923W2,10000,185/65 R15 88T,Lassa(Atracta),,TR,2026,590.0,2,1180.0,c67b4da9-2918-466f-90bf-f1f0c379a15e,c6fc7f59-cfc0-4fb5-b2d6-9b36a75a7aad
magaza 2,MOR2511150923W2,10000,175/70 R13 82T,Lassa(Green),,TR,2026,450.0,18,8100.0,8c891e01-6672-47ab-9373-21e928af4aa5,10f2748a-e760-4f33-adbf-bbc1912e7cf8
magaza 2,MOR2511150923W2,10000,185/65 R15 88T,Starmaxx,,TR,2025,440.0,12,5280.0,d5445c5b-de04-4050-b6cf-fecce69d92e8,303958e1-3f5e-4ed5-acc8-156f94ce8807
magaza 2,MOR2511150923W2,10000,215/70 R15 98T,Lassa,,TR,2025,970.0,12,11640.0,cf5c0517-f127-4c0e-b29d-8de0bf853f3d,02519fd0-f968-455d-9a3e-8f6c8bde807f
magaza 2,MOR2511150923W2,10000,205/55 R16 91V,TIANFU,,CN,2026,460.0,10,4600.0,3b19c3e7-a169-40fa-9875-ed54ecbdfc58,0dfd2f93-68b8-43c0-a447-fb84e85afef8
magaza 2,MOR2511150923W2,10000,185/65 R14 86H,Lassa(Green),,TR,2026,535.0,1,535.0,c3afcfb3-5e75-4354-8f68-34f3fb5b5e06,15e550f3-4ea0-41ce-94cc-46c516048dd9
magaza 2,MOR2511150923W2,10000,175/70 R13 82T,Debica,,PL,2025,380.0,1,380.0,91eee86a-670b-46f0-b405-d501cb8eda68,52bc144e-2a36-4c78-80e0-ed60d4e58b47
magaza 2,MOR2511150923W2,10000,175/70 R14 84T,Avantech,,CN,2026,370.0,2,740.0,bbc96839-673d-42f2-a43f-02f7adc3c4d6,ad1285de-44a6-4443-8c36-e92721b1d019
magaza 2,MOR2511150923W2,10000,205/55 R16 91V,Sailun,,CN,2025,560.0,2,1120.0,ffa29c72-0ce3-4e3a-b79e-cff013040847,724ef492-2803-4c52-b1dd-57c3a1d9ab99
magaza 2,MOR2511150923W2,10000,225/45 R18 91V,Goodyear,,US,2025,1000.0,2,2000.0,22fdf98e-0dc5-4165-8978-f2f5c640a62c,9eb6c2db-8ae4-44e8-af7f-d34b2f54075e
magaza 2,MOR2511150923W2,10000,185/65 R15 88T,Falken,,JP,2025,500.0,1,500.0,8327c4a2-0378-44c4-9a67-e6b873d83415,7a7cf605-f9e3-48eb-af2d-bacf556e4087
magaza 2,MOR2511150923W2,10000,205/55 R16 91V,Dunlop,,GB,2025,630.0,5,3150.0,8aadc3ce-9489-4e3a-ad08-bcb67ef7f8d9,01b03762-94e7-4abd-8488-7755a1078fba
magaza 2,MOR2511150923W2,10000,215/65 R16 98T,Starmaxx,,TR,2025,690.0,0,0.0,0ed4c6af-1cfd-4499-ae38-511f5afc8ee0,c80954b9-5585-4a19-93f1-e78de8a45c3f
magaza 2,MOR2511150923W2,10000,205/55 R16 91V,Starmaxx,,TR,2025,590.0,1,590.0,babc8510-ba6d-4a1b-a7b1-f737c3e31590,14c3bec1-7641-432c-9711-4a303608ae4f
magaza 2,MOR2511150923W2,10000,185/65 R14 86H,Triangle,,CN,2025,400.0,0,0.0,c2b31457-fbec-4424-a9d4-54da20067326,84ad2a7b-458c-478f-b856-73b60e6ac7cf
magaza 2,MOR2511150923W2,10000,205/55 R16 91V,Laufenn,,KR,2025,570.0,3,1710.0,b5dc8126-bd2a-42a4-b021-18d4c8cc1dbb,0dcb62b3-a18f-4324-88ac-6a77e342db8d
magaza 2,MOR2511150923W2,10000,185/65 R14 86H,Nexen,,KR,2025,400.0,1,400.0,61150e9c-7bcb-4038-9bc1-d5df8740645a,9109d1b1-16b9-4104-a4dd-e991860b62ff
magaza 2,MOR2511150923W2,10000,225/45 R17 91V XL,Delinte,,TR,2025,650.0,1,650.0,eeef4463-d8de-4df5-929f-129da4cddc6c,a7f2a214-8019-4ff2-9113-7056ba2c0268
magaza 2,MOR2511150923W2,10000,225/70 R15 100T,Michelin,,FR,2025,1580.0,20,31600.0,a02ca2e3-22dc-4046-8cf1-271e7df38f30,d8ebe144-f8bd-49cc-8cad-33d17b2681fd
magaza 2,MOR2511150923W2,10000,175/65 R15,TIANFU,,CN,2026,410.0,2,820.0,4e7804fe-2e62-4976-86bc-bbdb93fb3c7c,0743fafa-e690-4247-8dc6-a775bb94c6da
magaza 2,MOR2511150923W2,10000,175/70 R13 82T,Dunlop,,GB,2025,470.0,3,1410.0,aa759a2b-58b9-4b4f-9522-22f608f3e22f,c8904489-27cb-41e3-b7da-d4d4432b5ead
magaza 2,MOR2511150923W2,10000,185/65 R15 88T,Bridgestone,,JP,2025,600.0,0,0.0,1ff7c8d9-10ed-456b-b7ad-f1c94f799c67,89bc4442-1f89-4842-920c-1d0126bd0338
magaza 2,MOR2511150923W2,10000,205/55 R16 91V,Goodyear,,US,2025,600.0,3,1800.0,1b8b72df-d986-4cef-988c-e19fecb485e1,e169d880-b1fc-4730-9990-b80bd9498e1f
magaza 2,MOR2511150923W2,10000,175/70 R14 84T,Starmaxx,,TR,2025,430.0,1,430.0,9b51cebb-b708-4b5d-91af-0f13552e91da,11533573-5249-4346-9397-cf405c713bc8
magaza 2,MOR2511150923W2,10000,155 R12 C,Boto,,CN,2025,360.0,4,1440.0,c6a2e40d-0043-453d-9311-47c9c8f29e7a,887f180e-129b-42fc-8462-ecb2136707e9
magaza 2,MOR2511150923W2,10000,195/65 R15 91T,Goodyear,,US,2025,560.0,2,1120.0,d762aa62-e136-4396-9ab3-66baeec42c50,9a4f9178-1f23-4fbd-9daa-ba17161d8f42
magaza 2,MOR2511150923W2,10000,175/65 R14 82T,Petlas,,TR,2025,415.0,3,1245.0,c5eda0a2-ec56-4b97-8425-56d3ac5ffd4d,8531eecc-b1ce-42a9-958d-f840d751f56c
magaza 2,MOR2511150923W2,10000,235/65 R17 104T,Delinte,,TR,2025,900.0,1,900.0,1bc2b788-6d8d-4d4a-9adb-71d22f477320,0cb7669d-764a-4524-86a4-e2d2dce560dc
magaza 2,MOR2511150923W2,10000,185/65 R14 86H,Rotalla,,CN,2025,400.0,4,1600.0,e2d78849-4ffb-43bc-bc4d-1d6eb47c554c,bcf6b96e-12e4-4775-9e5a-0f5a6797ae5a
magaza 2,MOR2511150923W2,10000,225/45 R17 91V XL,Boto,,CN,2025,600.0,0,0.0,3318f6dd-3c0b-4fc2-963f-0cadf7c63060,66140596-625d-487a-bce0-4489d2fff525
magaza 2,MOR2511150923W2,10000,175/65 R14 82T,Delinte,,TR,2025,390.0,2,780.0,3d913242-a4ff-46cd-8498-e2c52f148eed,750560b5-bf87-4cbd-8214-9eb2e8ee5633
magaza 2,MOR2511150923W2,10000,205/55 R16 91V,Nexen,,KR,2025,590.0,1,590.0,867f0bc7-79a8-443e-8696-dbc323b2de91,9e3a14e5-90c5-4bf5-a906-053f2b6f191a
magaza 2,MOR2511150923W2,10000,225/40 R18 92V XL,Laufenn,,KR,2025,770.0,4,3080.0,dd25df76-7310-4f6b-974f-dec27646d6aa,ab44f8ea-81cc-4222-a732-d15019999092
magaza 2,MOR2511150923W2,10000,195/65 R15 91T,DVR,,CN,2026,450.0,1,450.0,80a53dec-5d1e-4e10-a2ad-58063fa27e45,9bbecc10-46ae-4525-ba01-ea9306f806f6
magaza 2,MOR2511150923W2,10000,195/55 R16 87V,Montreal,,CA,2025,490.0,5,2450.0,03aeffba-c62a-4303-99b7-98cb9f764baf,c2a21414-d5d7-46ac-beb7-f6fab7def252
magaza 2,MOR2511150923W2,10000,215/65 R16 98T,Boto,,CN,2025,680.0,2,1360.0,b43d95f8-8850-478b-8d30-d1eefc8e29a5,96eaffd0-6600-4161-8822-922aa4f193e3
magaza 2,MOR2511150923W2,10000,225/45 R19,Petlas,,TR,2025,1000.0,1,1000.0,534f6adf-b42a-45c5-9f45-0cf9b9c33783,ae453e39-e59a-434a-bc44-652ad839183c
magaza 2,MOR2511150923W2,10000,195/65 R15 91T,Tracmax,,CN,2025,490.0,5,2450.0,88fd1dea-0323-4b98-8ec1-7d3d1dc20532,33c02ee9-6114-4f11-ac0c-178badecafac
magaza 2,MOR2511150923W2,10000,185/65 R15 88T,Lassa(Revola),,TR,2026,520.0,1,520.0,74cd9ab4-914d-40e5-b81f-0032513c1e7e,930a847b-2a87-4a21-8c73-5bdd4bf7e726
magaza 2,MOR2511150923W2,10000,215/55 R16 93V,Austone,,CN,2026,700.0,1,700.0,a027d2ca-6feb-4802-b30e-7d9f08ed8a98,4dac8251-8485-4ad3-b598-8ae63ad5bcf7
magaza 2,MOR2511150923W2,10000,185/65 R14 86H,Montreal,,CA,2025,400.0,7,2800.0,17233c85-7450-41f3-8ce7-439460411375,46dc860f-9028-4f6e-9e13-2281315cfa1e
magaza 2,MOR2511150923W2,10000,205 R14,Uniroyal,,DE,2025,900.0,1,900.0,3d1b53c1-f19e-405c-8b94-157a36e7f13c,00b18a89-fe0b-4750-a7a0-25a3e9fa162b
magaza 2,MOR2511150923W2,10000,215/60 R17 96H,Delinte,,TR,2025,740.0,0,0.0,a0f7cbcc-5530-4df0-808f-381bca38235f,2decbcbe-edb0-46d4-a48a-497e245e16ae
magaza 2,MOR2511150923W2,10000,185/65 R15 88T,Laufenn,,KR,2025,480.0,3,1440.0,dcfc487a-5deb-45c4-b3a3-7f6769454044,8480f76f-b1b9-4dd2-86b7-b6134e3d6313
magaza 2,MOR2511150923W2,10000,195/65 R15 91T,Michelin,,ES,2025,820.0,16,13120.0,723a19a2-f755-4713-be24-86c148e1c420,cf49a3cd-db05-40dd-bf27-06210cd38037
magaza 2,MOR2511150923W2,10000,185/65 R15 88T,Boto,,CN,2025,420.0,4,1680.0,ae76590f-d989-486c-9de7-d59d7c3f17a5,c38e6c46-4e39-44c7-8f2b-16fc0a09e279
magaza 2,MOR2511150923W2,10000,155/70 R13 75T,Triangle,,CN,2025,340.0,0,0.0,bc27f089-e1a5-4857-87db-4f3f5d910f0c,a43d1d00-1d91-4f83-a6b5-f1fcb8d06a0c
magaza 2,MOR2511150923W2,10000,750 R18,Lassa,,TR,2025,940.0,3,2820.0,b96dedb3-e8ff-499e-ab66-55fdf37a7269,096ec562-9632-4981-9f44-82d5e5bcf761
magaza 2,MOR2511150923W2,10000,185/65 R14 86H,Petlas,,TR,2025,440.0,2,880.0,30ad49fd-8427-4b9c-a95c-a4177071f7df,4df2725d-50cf-4e00-bdcc-f724b798357d
magaza 2,MOR2511150923W2,10000,215/65 R16 98T,Lassa(Revola),,TR,2026,850.0,0,0.0,9e2ef2e8-134c-43fc-86e7-4419f631d96b,506d68d5-d3e7-479e-bc0d-600dcced43b6
magaza 2,MOR2511150923W2,10000,195/55 R16 87V,Lassa,,TR,2025,680.0,2,1360.0,47d3402a-0fca-4b24-b354-3d583345f486,b18e0240-9301-4939-a248-3ffb1fb732c8
magaza 2,MOR2511150923W2,10000,185/65 R14 86H,Laufenn,,KR,2025,520.0,1,520.0,2f69683a-b761-4026-a690-166c264a330c,1f57cc97-2602-4aef-b4d0-28f641880ce6
magaza 2,MOR2511150923W2,10000,155/80 R13 79T,Lassa,,TR,2025,460.0,1,460.0,b9ee70cd-77d0-4a7f-a2ec-f1ca08291238,f2512702-810b-4ba0-80cf-5103b3718dee
magaza 2,MOR2511150923W2,10000,195/50 R15,Delinte,,TR,2025,480.0,1,480.0,998e8bb1-ff2a-46ce-bdc0-1e6a698ab7e8,4ac8b207-9216-46e6-9f28-edfba1981dd8
magaza 2,MOR2511150923W2,10000,225/45 R19,Delinte,,TR,2025,1000.0,1,1000.0,b17f73b5-72cf-40b4-89ea-9add7b32b749,d7686373-4c66-420e-b27d-4c516025f4a7
magaza 2,MOR2511150923W2,10000,185/70 R14 88T,Lassa,,TR,2025,590.0,1,590.0,85cdbb2b-1a26-4b5d-a0e2-bfa5640c1b77,ed59cc72-843e-4ca1-950d-33ae09510e7e
magaza 2,MOR2511150923W2,10000,195/65 R15 91T,Laufenn,,KR,2025,480.0,1,480.0,a870801b-832f-42d0-8266-a9cb3df398a8,2b59bd50-e991-4a1c-bb97-a4f86ed52577
magaza 2,MOR2511150923W2,10000,195/65 R15 91T,Triangle,,CN,2025,510.0,2,1020.0,e64cd9f5-0d39-4191-8612-10c9017c50ce,217156ae-8faa-4f9b-b1cb-a0fa55382d95
magaza 2,MOR2511150923W2,10000,195 R15,Triangle,,CN,2025,750.0,0,0.0,dea9c77e-d37e-4b7f-b502-6ffffa3f6a7d,1d68ea52-1c98-4d1e-bb57-3174a00a546c
magaza 2,MOR2511150923W2,10000,185/65 R14 86H,Lassa,,TR,2025,530.0,0,0.0,0e6342f5-fbc4-4d4d-862e-dd55f5766cf5,b7ac676b-b99f-4898-a7bd-5210131181db
magaza 2,MOR2511150923W2,10000,175/65 R14 82T,Leao,,CN,2026,360.0,0,0.0,fc56e9bf-9982-4aec-b57b-84067fcc89a5,22eeabe7-1fad-481f-8f19-c044c23795db
magaza 2,MOR2511150923W2,10000,195 R15,Petlas,,TR,2025,820.0,0,0.0,4566b94c-4bbe-4e32-8884-ef18292fb845,adf5cfa4-1c20-4f96-89ae-67af87c25c85
magaza 2,MOR2511150923W2,10000,215/65 R16 98T,Delinte,,TR,2025,670.0,2,1340.0,caa0d065-2475-445c-a35b-b6d465fe2a94,c1fefe3f-971b-42a4-8c4d-445878db84c6
magaza 2,MOR2511150923W2,10000,205/60 R16 92V,Delinte,,TR,2025,600.0,0,0.0,22a7aaa6-2db1-42fd-ab2b-5e37716b6194,cd3ff395-0e10-4551-8675-5207e2e044e1
magaza 2,MOR2511150923W2,10000,225/75 R16 C,Petlas,,TR,2025,1100.0,7,7700.0,19089f2e-b8b9-421c-b740-a9c4f4765203,633d3720-2086-4776-9959-710a4a115d23
magaza 2,MOR2511150923W2,10000,175/70 R14 84T,Delinte,,TR,2025,415.0,0,0.0,76cb1a99-3634-4fe4-aaa2-8a765aedd6cc,64cff072-c5ae-4ee0-90b2-01603a8e6891
magaza 2,MOR2511150923W2,10000,185/65 R15 88T,Delinte,,TR,2025,570.0,0,0.0,4d0669be-3b0a-44c7-83ad-75a9ad1d232a,729d7fa5-63dd-49df-a0b0-94517cb8741f
magaza 2,MOR2511150923W2,10000,195/55 R16 87V,Boto,,CN,2025,500.0,3,1500.0,a3627c0a-9e70-4ecd-b900-c612a66e005c,87f09dc2-deb1-4986-a9a2-38636c8f190d
magaza 2,MOR2511150923W2,10000,215/65 R17 99V,Firestone,,US,2025,900.0,2,1800.0,da83de78-5c80-4ac7-806a-ad146e7407b6,2b271ddc-a876-4a4e-b629-ef81c64dfcdf
magaza 2,MOR2511150923W2,10000,205/60 R16 92V,Petlas,,TR,2025,610.0,1,610.0,34d1ad79-8392-4b71-be61-f2dd95b15dae,e8b751c4-e223-4497-af96-db11127174a1
magaza 2,MOR2511150923W2,10000,195/65 R15 91T,Lassa,,TR,2025,580.0,2,1160.0,395015bf-6e0e-4b37-8a69-abaebde9064d,a799b038-b97d-461f-8a14-45f5ef40c9b7
magaza 2,MOR2511150923W2,10000,215/70 R15 98T,Doubleking,,CN,2026,800.0,1,800.0,303aa096-ab22-4e5f-95bd-688353c40ac8,036ee492-eca0-44e1-a925-cbcf7939b97b
magaza 2,MOR2511150923W2,10000,195/75 R16 C,Goodyear,,US,2025,980.0,1,980.0,5805acbc-855c-469e-b623-de04679a8b6e,a56899e2-2cdf-4329-a254-aab78310f257
magaza 2,MOR2511150923W2,10000,11/80 R 22.5,Hankook,,HU,2025,3700.0,0,0.0,739cf93d-3bca-4e16-be53-cd300ec9a0d1,0cfe4a72-4ad5-4a34-922e-e1636e9525b8
magaza 2,MOR2511150923W2,10000,155 R12 C,Leao,,CN,2026,365.0,0,0.0,f1022540-ffc4-43b7-b8b0-117f127e0f35,f9377862-cfaf-4b22-b420-d31cac8e58f8
magaza 2,MOR2511150923W2,10000,175/65 R14 82T,TIANFU,,CN,2026,350.0,2,700.0,b6acc393-e1ff-4eed-a8d7-f9e5b7d2ccf3,f3c74050-2b29-4377-8507-5c2d2746c92f
magaza 2,MOR2511150923W2,10000,195/65 R15 91T,Hankook,,HU,2025,580.0,4,2320.0,d1945b8d-c6cd-443f-a640-2841bbbc69a2,b3ad69e3-5f07-4508-b4bd-b63bdd2d851d
magaza 2,MOR2511150923W2,10000,"8,5 r17,5",Triangle,,CN,2025,1400.0,1,1400.0,34c1b368-352c-40fc-9e23-36ffec9506cc,ce9f8443-0754-412f-bf1e-90d5985f6c12
magaza 2,MOR2511150923W2,10000,195/60 R15 88H,Petlas,,TR,2025,530.0,0,0.0,57e38823-754c-4bcb-9dc0-c720f1ce0d8b,df8cc5e5-9fb8-4c5f-bbc0-e225d1e83901
magaza 2,MOR2511150923W2,10000,165 R13,Boto,,CN,2025,530.0,0,0.0,c59baf06-aca5-4137-b6b7-c538e6427f29,e7823b5e-19aa-4f99-aff5-57c4c0047083
magaza 2,MOR2511150923W2,10000,11 R22.5,temsen,,CN,2026,2600.0,8,20800.0,83c35fa3-f073-43e3-9055-dd61d718a153,544db1c1-b224-4730-92d1-f43a067f166e
magaza 2,MOR2511150923W2,10000,225/75 R16 C,Lassa,,TR,2025,1200.0,0,0.0,43a00b26-f8f3-47f1-a965-6aa7344929fe,95965385-0cec-4994-a37b-2f673f84a0dc
magaza 2,MOR2511150923W2,10000,195/75 R16 C,Lassa,,TR,2025,1050.0,3,3150.0,7d8b3763-0daf-414d-a21b-0fc73e424d47,20306291-f8d3-42ca-a7c8-1a5450965a80
magaza 2,MOR2511150923W2,10000,11 R22.5,Petlas,,TR,2025,2850.0,4,11400.0,ad9dc390-cc99-428f-b9fb-552588f508c6,045a105f-f500-48e8-b711-8ac8830f28e9
magaza 2,MOR2511150923W2,10000,185/60 R14 82H,Petlas,,TR,2025,500.0,2,1000.0,2a49351d-a3a9-484e-8837-cf52eb440f62,c6c5dbcd-07a2-40f5-9ae7-01364f4692b4
magaza 2,MOR2511150923W2,10000,185/60 R14 82H,Lassa,,TR,2025,500.0,0,0.0,9364d6ea-3236-45aa-8901-b58f551d753a,3b67d0f0-a268-415e-ad30-511c212fca67
magaza 2,MOR2511150923W2,10000,175/65 R14 82T,Nexen,,KR,2025,400.0,0,0.0,2d6394e6-4a85-41a1-a9d1-d45bc58c4e38,f74d0320-f66c-43be-819b-b9282be43a23
magaza 2,MOR2511150923W2,10000,8.5 R17.5,Lassa,,TR,2025,1850.0,27,49950.0,9d5f5451-87bc-44ab-bc43-10caca4d4382,2fe7d963-c3c0-4cf3-b713-10389024568b
magaza 2,MOR2511150923W2,10000,205/65 R15 94V,Petlas,,TR,2025,700.0,0,0.0,715ced5b-1625-461b-a67d-1dda6242c1fc,afdfc3b6-6c63-40f3-b08a-784bbf1a668d
magaza 2,MOR2511150923W2,10000,165 R13,Lassa,,TR,2025,650.0,4,2600.0,0933155f-0688-43a4-86d0-6987108bdfce,3de44878-cf2c-4758-bab0-3f4cfffb1896
magaza 2,MOR2511150923W2,10000,175/70 R14 84T,Montreal,,CA,2025,360.0,6,2160.0,22368153-55fd-40e3-988a-6ee571704628,da173a38-4d4b-453d-bbcf-3d91bb6221d9
magaza 2,MOR2511150923W2,10000,185/60 R15 84H,Petlas,,TR,2025,490.0,0,0.0,8a3499cc-66e9-4c06-a978-9ec00b33a643,19f9e6df-6c8a-4629-a84c-b2e3979563ec
magaza 2,MOR2511150923W2,10000,225/60 R17 99H,Hankook,,HU,2025,1400.0,0,0.0,dcc2a6d9-0954-4bae-916f-6788c8203238,1d14a8df-4d10-475a-a254-9ea7d7e4d688
magaza 2,MOR2511150923W2,10000,195/55 R15 85H,Nexen,,KR,2025,450.0,1,450.0,c0a5933e-d3c0-445b-b289-6e2504265cb5,d044913a-220c-4ffb-ad13-bb9870e9329a
magaza 2,MOR2511150923W2,10000,205 R14,Petlas,,TR,2025,800.0,1,800.0,235c73ae-051d-4af0-9e35-851360174923,aafb5a07-a0a9-4a9f-b6f0-a91db10ca699
magaza 2,MOR2511150923W2,10000,195/60 R15 88H,Delinte,,TR,2025,500.0,2,1000.0,0b9a96c9-57ec-4f4d-b825-c9bca34e2a7b,aba9ab9e-6eca-4209-b7f2-3c363bcfd5a2
magaza 2,MOR2511150923W2,10000,225/60 R17 99H,Laufenn,,KR,2025,980.0,2,1960.0,4b3aa839-84a5-4dbd-ad40-20f633acd464,afe1c916-b7d8-48f2-ac58-618e4649d05b
magaza 2,MOR2511150923W2,10000,215/75 R16 C,Petlas,,TR,2025,1000.0,1,1000.0,0475d77b-52d8-489b-bd30-e9150d3360c4,8bd4d6c1-01ed-4efb-9d46-cd69abf143c5
magaza 2,MOR2511150923W2,10000,215/75 R16 C,Dunlop,,GB,2025,1050.0,2,2100.0,8804217e-f080-4382-b0a5-54c0dc07fd64,b478c268-ca0a-4f1f-b45d-15f4ae21058a
magaza 2,MOR2511150923W2,10000,205/70 R15 96T,Petlas,,TR,2025,800.0,1,800.0,2ea0eb88-f587-4f3f-8665-4aaae5d583cd,cb55dae4-efc2-48ec-9eb2-ebef6e55d0af
magaza 2,MOR2511150923W2,10000,165 R13,Triangle,,CN,2025,520.0,0,0.0,a25672d1-ce07-466c-8e6f-449f907e9a54,8f494ea7-f69e-457b-9523-23d5b891e058
magaza 2,MOR2511150923W2,10000,235/65 R16 103T,Michelin,,ES,2025,1700.0,0,0.0,fd384c36-cf05-4746-aeea-d82e272629b0,67cec3f4-ad4c-4519-b884-d828011c40f5
magaza 2,MOR2511150923W2,10000,155 R12 C,Rotalla,,CN,2025,360.0,0,0.0,3d80bffa-c8f2-408e-be74-c2207d5017e8,753115de-3bf0-4426-b9b2-5df2623bf2c8
magaza 2,MOR2511150923W2,10000,225/50 R17 94V,Boto,,CN,2025,770.0,0,0.0,74aba15b-80eb-487f-a863-c2770b1276c2,02097959-7587-453a-b0a5-0d9719965b7e
magaza 2,MOR2511150923W2,10000,165 R13,Lassa(Green),,TR,2026,0.01,1,0.01,b99c11f7-7c6f-4d85-8419-64c496597b5d,c618e4bf-61f0-45df-b0a4-a7ca0f685ce7
magaza 2,MOR2511150923W2,10000,175/65 R14 82T,Triangle,,CN,2025,400.0,4,1600.0,b7cfbbe8-1984-417a-8c05-3efb33510473,e21baadd-9742-4b6a-a1fe-075d3801f834
magaza 2,MOR2511150923W2,10000,175/70 R14 84T,Lassa,,TR,2025,495.0,1,495.0,3b8248d7-2e7a-47e9-b8dd-24a724961aeb,0b3ca7a9-e684-42cf-a8bb-813eaac72653
magaza 2,MOR2511150923W2,10000,9.5 R17.5,Constancy,,CN,2025,1700.0,0,0.0,e170e4e3-5f46-4916-9104-c550b4de9d55,f5ecb452-fd3b-4937-9005-e9f0dd82fd46
magaza 2,MOR2511150923W2,10000,235/45 R17 94V XL,Semperit,,AT,2025,1000.0,0,0.0,a55ddac8-0bf1-4a95-ad47-cdffd1cfc869,5506a567-2ae5-410a-83db-7375af49eaca
magaza 2,MOR2511150923W2,10000,9.5 R17.5,Bridgestone,,JP,2025,3100.0,0,0.0,9801202a-4746-49da-addd-2aadfe02b1f4,6919bf0d-5434-49b1-9a20-420e4326085b
magaza 2,MOR2511150923W2,10000,205/55 R16 91V,Rotalla,,CN,2025,480.0,2,960.0,ff45e728-6cc2-4444-bbca-8d069b8c1ed6,4d3dc482-b443-42e2-b1a8-3b3811eed1de
magaza 2,MOR2511150923W2,10000,185/65 R15 88T,Lassa,,TR,2025,515.0,5,2575.0,4b474ea9-5cc7-45af-9bcb-d094596670cc,a9db4669-69ae-4b8e-8c3b-572f095269b9
magaza 2,MOR2511150923W2,10000,175/70 R14 84T,Lassa(Green),,TR,2026,500.0,26,13000.0,a3d12439-eed3-4605-9b99-dfab98262017,4aab065c-5b86-4441-a9c1-24bc79971adb
magaza 2,MOR2511150923W2,10000,225/40 R18 92V XL,Matador,,SK,2025,850.0,1,850.0,786b529e-fe91-44e6-ab74-430ad811fe2e,836583a9-d327-4a6c-839c-2d14b770664b
magaza 2,MOR2511150923W2,10000,155/80 R13 79T,Petlas,,TR,2025,370.0,2,740.0,1fabd0a3-7bdd-48d9-b865-214e23c38e4a,ab9896e2-4625-418a-9706-b68b707f6b1e
magaza 2,MOR2511150923W2,10000,225/40 R18 92V XL,SAILUN,,CN,2026,720.0,1,720.0,b3ae67dd-ebb0-42e5-98e5-f99994bdd73a,f7620ef6-6502-43c2-96b7-26fa5c4bd8cd
magaza 2,MOR2511150923W2,10000,205/50 R17 89V,zeetex,,ID,2026,680.0,1,680.0,f79ad8e2-efc9-470f-9b48-8c3d4ffb4cb1,30076a17-742d-47de-93cd-199d898c2ece
magaza 2,MOR2511150923W2,10000,205/55 R16 91V,Lassa(Revola),,TR,2026,0.01,3,0.03,606eb762-e736-4741-bfed-331d2023623a,6c3bf547-3e24-4357-ab94-e002074bfe9d
magaza 2,MOR2511150923W2,10000,225/55 R18 98V,Lassa,,TR,2025,1000.0,2,2000.0,a9c79408-4ccc-403f-b53a-b09d998c4f85,a54ca534-4ddd-4892-a7a4-ef0db5cf284c
magaza 2,MOR2511150923W2,10000,165/60 R14 75H,Petlas,,TR,2025,400.0,2,800.0,21cfbfb0-7930-4505-b9d9-56ae5d6f65d1,0387517b-bfb1-45c5-9014-d2dfad962a45
magaza 2,MOR2511150923W2,10000,165/60 R14 75H,Sailun,,CN,2025,370.0,2,740.0,19cb559b-b00f-4693-9b72-791510172e67,5433c984-4740-4569-a290-0cfa835e083d
magaza 2,MOR2511150923W2,10000,195 R15,Boto,,CN,2025,680.0,0,0.0,9c5e6e2b-2a8f-4741-a87f-dd143dc0edc1,f7c0dbf0-b042-4970-bad9-b0addeb5c214
magaza 2,MOR2511150923W2,10000,235/65 R16 103T,Lassa,,TR,2025,1150.0,2,2300.0,fe5e2286-e231-47c3-a9ef-3b222f007d06,05f08b4d-2a92-49a7-98a6-f6907f5d9a14
magaza 2,MOR2511150923W2,10000,165/70 R13 79T,Lassa,,TR,2025,450.0,1,450.0,63b76c6b-58fd-40f3-ae3a-b5bed85af481,aa11bc59-ac6d-4abd-868d-3922193639aa
magaza 2,MOR2511150923W2,10000,205/50 R17 89V,Laufenn,,KR,2025,790.0,1,790.0,72dd4ab9-496a-429d-9b45-c44520327696,da44dcfc-d8ef-42ac-b295-563815ee23d5
magaza 2,MOR2511150923W2,10000,205/60 R16 92V,Lassa,,TR,2025,710.0,1,710.0,3dc399c7-05bd-4ca8-ac22-3c560a204173,be4b41e6-badb-4349-9a20-924cd8e6f797
magaza 2,MOR2511150923W2,10000,195/55 R16 87V,Goodyear,,US,2025,750.0,6,4500.0,85ff073e-6c35-4188-8227-0cbbd6d873a5,42c4b0ef-67ce-4573-a38f-902c7e724904
magaza 2,MOR2511150923W2,10000,155 R12 C,Petlas,,TR,2025,440.0,0,0.0,88c6d509-44ed-40d2-b771-63bc3b8cd1f7,5daabb62-91ca-4d51-ba5d-0f7b55a9e263
magaza 2,MOR2511150923W2,10000,225/50 R17 94V,Montreal,,CA,2025,680.0,0,0.0,ae63affd-a982-4bd8-a107-49a2eeea1973,ac9b027b-4397-47a1-a6c0-ebec504bb066
magaza 2,MOR2511150923W2,10000,225/40 R18 92V XL,Delinte,,TR,2025,660.0,2,1320.0,2da1ce45-2e15-422b-8dcc-82c1d0a45b57,6ab672f6-9d97-487a-8080-700178f3a0c7
magaza 2,MOR2511150923W2,10000,185/65 R15 88T,Goodyear,,US,2025,560.0,0,0.0,bfd38187-1177-4625-be41-6fc67b94df07,4a29b5b8-8137-4dbc-b3a1-e1fb6bacd023
magaza 2,MOR2511150923W2,10000,175/70 R13 82T,Petlas,,TR,2025,380.0,1,380.0,f63274aa-bba3-4c99-b9cb-f6e16070ad8c,b9ecb6d0-e037-4a37-9b60-b98b46c114d1
magaza 2,MOR2511150923W2,10000,175/70 R14 84T,Rotalla,,CN,2025,0.01,2,0.02,c2b6456b-7ae3-4f35-bb8d-cb138477e84d,93b3fbfe-abcf-4b4d-99fc-436ffc26e15c
magaza 2,MOR2511150923W2,10000,225/50 R17 94V,zeetex,,ID,2026,700.0,3,2100.0,d821bd32-ae45-44a2-87dc-f3b5ccd065c5,f85a2205-1975-4cd6-bd6b-3cbee9641066
magaza 2,MOR2511150923W2,10000,185/65 R14 86H,Lassa(Atracta),,TR,2026,560.0,1,560.0,ee636d41-76ce-4de6-b199-88588b1d5785,4f3cf53f-7780-404f-88e6-cc510f9c53fe
magaza 2,MOR2511150923W2,10000,205/60 R16 92V,Landspider,,CN,2026,550.0,2,1100.0,8b886c40-feae-43bd-90f2-3ca86136238e,1e9d1d7c-cdb0-4e19-90a0-2d281b2d2648
magaza 2,MOR2511150923W2,10000,205/55 R16 91V,Momo,,IT,2026,530.0,1,530.0,84fb6bc4-d53c-4275-8b32-e28d47d71295,2b99a34d-dfa2-4c50-af45-85ce47e8672e
magaza 2,MOR2511150923W2,10000,185/65 R15 88T,CITY STAR,,CN,2026,0.01,0,0.0,197897a3-1880-450e-b051-6e92e8a243c4,665d9a48-8641-41ca-965c-d7afc3aa5a97
magaza 2,MOR2511150923W2,10000,165/70 R13 79T,Triangle,,CN,2025,360.0,0,0.0,af4dbde9-4045-4b03-bc18-e9a5283fc06d,9c8384ca-8097-425f-af02-40e83920b078
magaza 2,MOR2511150923W2,10000,215/55 R16 93V,Lassa(Revola),,TR,2026,800.0,4,3200.0,ef32686e-4024-4989-bfb8-225eeba76f30,858edab1-76b7-4595-99fb-a4d0b3e7426e
magaza 2,MOR2511150923W2,10000,195/50 R15,Leufenn,,HU,2025,490.0,6,2940.0,6f1ef9e0-c41d-41d0-9f82-7fd6692a10fe,76c8bee9-513f-4ef3-aebe-d0b6ccc0c20b
magaza 2,MOR2511150923W2,10000,165/70 R13 79T,Debica,,PL,2025,380.0,1,380.0,7df199fe-c406-416b-85c9-144dccc0a9f5,5c23faef-f7d4-4db2-b68b-e467d7d79fcc
magaza 2,MOR2511150923W2,10000,195 R14,Laufenn,,KR,2025,700.0,1,700.0,b3c3e613-4c7d-4c67-a49b-956a6be1638a,795ecdfe-9e46-46c0-b216-03ca31bc4085
magaza 2,MOR2511150923W2,10000,205/75 R16 C,Petlas,,TR,2025,1000.0,1,1000.0,d9ad3702-8538-4afe-bcae-27a88ecc56ae,1f1f2ec9-33b0-495a-9680-2a8087b1e5b8
magaza 2,MOR2511150923W2,10000,255/40 R18 99V XL,Rotalla,,CN,2025,1100.0,4,4400.0,6b3d7473-1d7a-46f8-8ad2-96da8c4d3f58,7d2a9a08-ebb5-48a1-b32b-981f90594bd7
magaza 2,MOR2511150923W2,10000,195 R14,Dunlop,,GB,2025,800.0,3,2400.0,d449e73c-8e3a-46f5-a599-514ee82c4565,ea749cc3-95a4-4179-bc39-2fd2d05c67a6
magaza 2,MOR2511150923W2,10000,205 R14,Triangle,,CN,2025,750.0,0,0.0,5502d65c-250a-48d4-b700-dc66689652d0,433ece70-b7a7-4888-938c-39a57e8b2c2d
magaza 2,MOR2511150923W2,10000,195 R14,Milestone ,,IT,2026,650.0,1,650.0,56443e0c-e7c9-4d56-958f-f91df99321cf,b95a3e56-445d-4a8f-877a-1f0e08bfc480
magaza 2,MOR2511150923W2,10000,205/65 R15 94V,Lassa,,TR,2025,650.0,1,650.0,738b803d-e498-442d-935f-6e3847598148,ffc1df75-1bb8-4485-9f17-0d2840a1c5d1
magaza 2,MOR2511150923W2,10000,255/40 R20,Rotalla,,CN,2025,1100.0,0,0.0,889b0162-3ed9-40cb-a559-cac99e78aca3,3f985464-6deb-47ea-9488-9a454a30c82d
magaza 2,MOR2511150923W2,10000,185 R14,Dunlop,,GB,2025,750.0,5,3750.0,3001dc9d-67b2-4eb8-9594-310f7c4d94c4,912cee07-fc90-47d0-9b6a-0208667d614a
magaza 2,MOR2511150923W2,10000,225/45 R17 91V XL,Lassa,,TR,2025,800.0,4,3200.0,6440b7df-02d3-48f3-9fc4-0a6388d04f81,04470766-af8c-42b0-b01a-6d16401dcb51
magaza 2,MOR2511150923W2,10000,225/60 R17 99H,Nexen,,KR,2025,1000.0,8,8000.0,58c5f607-dbc3-4b77-bda4-fb934c0a47bd,51af9bc4-4f27-4b4d-a208-81e540a36db4
magaza 2,MOR2511150923W2,10000,225/55 R17 97V,Delinte,,TR,2025,480.0,1,480.0,268d3baf-dabb-44b1-841f-0407c5061582,e1f5f7dc-bef8-4e39-af34-e1e1d009af65
magaza 2,MOR2511150923W2,10000,195 R14,Triangle,,CN,2025,670.0,0,0.0,71b3ac17-fe44-44ac-9f35-baefec4ec8c8,fda97752-69a7-4d52-a0cc-a595a7bcce2c
magaza 2,MOR2511150923W2,10000,225/70 R15 100T,Starmaxx,,TR,2025,930.0,0,0.0,1f500ef6-edf8-46d1-a341-e45a436dd268,8a6f49dc-6de7-4e95-8b82-a7c7760cd21c
magaza 2,MOR2511150923W2,10000,235/55 R17 99V XL,Semperit,,AT,2025,1000.0,0,0.0,3cff457c-ec8a-4689-86c8-2f579512c162,d11f7006-5d49-4182-92b3-10e9bb405624
magaza 2,MOR2511150923W2,10000,215/75 R16 C,Lassa,,TR,2025,1150.0,5,5750.0,43185448-5eb8-4bb8-9e1e-89c16fcceabc,645e45a1-e9a7-41ee-ae75-ac572ca3b592
magaza 2,MOR2511150923W2,10000,195 R14,Starmaxx,,TR,2025,720.0,6,4320.0,6179f383-284e-49cd-b3a2-1747176a1260,b175cc3e-ceb8-4249-acde-46088e00ba24
magaza 2,MOR2511150923W2,10000,"13 r22,5",Petlas,,TR,2025,3800.0,1,3800.0,9c67a672-4ce6-432a-b504-732f83648829,004c6e3d-768c-4d39-9423-e89adb05256a
magaza 2,MOR2511150923W2,10000,185 R14,Petlas,,TR,2025,690.0,0,0.0,9c704ce5-a3c7-46e7-a298-3a4a2ab9d153,9edfe6e3-a432-4579-a96c-a2ebc08e6c85
magaza 2,MOR2511150923W2,10000,225/60 R18 100H,Laufenn,,KR,2025,950.0,0,0.0,ca1452eb-8cfb-402e-9e0a-4a99e8de00be,901b0b2d-e976-46b3-91f0-cc68d18eeb6e
magaza 2,MOR2511150923W2,10000,195/55 R17 88V,Delinte,,TR,2025,650.0,0,0.0,a22ac68b-6062-49c8-a64c-43f7ab16db11,3037eb08-d147-42ff-bbb9-441dc61e0274
magaza 2,MOR2511150923W2,10000,215/55 R16 93V,Double Coin,,CN,2025,700.0,1,700.0,53eb15d2-c842-48b9-b411-97ad549c9dd0,da2f6ed5-68bd-4dde-819e-37cfe0e850c3
magaza 2,MOR2511150923W2,10000,255/35 R19 96V XL,Rotalla,,CN,2025,1050.0,3,3150.0,bad91f6f-0d09-41f9-a17d-0f796f86bb40,8a6de4d6-563a-4b62-9408-6a5c7b7b9962
magaza 2,MOR2511150923W2,10000,165/65 R14,Lassa,,TR,2025,430.0,1,430.0,4a9aaa4e-2084-4009-9dda-b68b1b0472ce,fcc77b21-307d-4c59-a76a-9ad85c16f9dc
magaza 2,MOR2511150923W2,10000,205/45 R17 88V XL,Laufenn,,KR,2025,750.0,3,2250.0,e42c4abe-088d-4cc6-b952-23eaf4f6be9b,9a806044-5798-41ba-84d4-3b50f40e2412
magaza 2,MOR2511150923W2,10000,315/80 R22.5,Petlas,,TR,2025,3800.0,0,0.0,2d0ef19f-d11c-4e76-aa94-d8a70062acfa,4b7a7950-e2d1-4678-95a6-d5cb36a029df
magaza 2,MOR2511150923W2,10000,195/60 R16 C,Lassa,,TR,2025,900.0,1,900.0,10b96300-d0f6-46a6-9903-a34c2bbf7489,756901dc-0718-4b4f-8542-0c78720702ba
magaza 2,MOR2511150923W2,10000,205/45 R17 88V XL,Rotalla,,CN,2025,690.0,7,4830.0,d4f00e03-4b69-4872-aad0-5f50fe33905c,390d0735-1523-4be9-ac2a-d81d9d18f926
magaza 2,MOR2511150923W2,10000,750 R16,Seha,,TR,2026,750.0,0,0.0,85d5beef-2cdf-4bc4-be9d-67fddb9eaa5f,0777735a-da92-4a33-83d0-eaa2812c1355
magaza 2,MOR2511150923W2,10000,175/70 R13 82T,DVR,,CN,2026,360.0,1,360.0,5e359993-03f6-4bd7-b135-cc5803cb24f0,a10aa8cb-8220-484e-8dc5-6eb6637bc239
magaza 2,MOR2511150923W2,10000,225/70 R15 100T,Lassa,,TR,2025,995.0,13,12935.0,c38f6780-914d-4076-8194-b56f36831774,adbaa530-4280-4dda-86f8-7a0cb787cc67
magaza 2,MOR2511150923W2,10000,225/45 R17 91V XL,Laufenn,,KR,2025,650.0,1,650.0,21debfe1-3dca-4acd-90a8-4d92e355ac45,b52645a6-e208-411c-a97d-5cc4166f9aee
magaza 2,MOR2511150923W2,10000,175/65 R14 82T,Lassa(Green),,TR,2026,595.0,16,9520.0,c13f2b95-6f65-4f17-868a-e3c842554ea1,67e3429b-d88f-4787-ba90-e5ecdaaa3117
magaza 2,MOR2511150923W2,10000,175/70 R13 82T,Lassa,,TR,2025,495.0,5,2475.0,3433c542-3646-4b08-b87d-74fd93574149,68f9e292-1932-4a55-90e7-6d779119cf66
magaza 2,MOR2511150923W2,10000,225/45 R17 91V XL,Leao,,CN,2026,600.0,2,1200.0,668add32-1069-4001-89c7-250f3e90c65d,3d1563e2-27b8-43f8-937f-9608553d324f
magaza 2,MOR2511150923W2,10000,195/60 R15 88H,Lassa,,TR,2025,580.0,2,1160.0,f05b3a93-dc6d-4a55-a1b0-e5f78cc8e2bc,6c8ed140-5cff-430b-9d68-062c22cf9309
magaza 2,MOR2511150923W2,10000,195/75 R16 C,Leufenn,,HU,2025,770.0,0,0.0,77e75a91-f13c-4f40-a002-b2ab1ebe9def,2f3d6475-22a5-44f4-a102-9349797e7109
magaza 2,MOR2511150923W2,10000,205/65 R16 95H,Petlas,,TR,2025,580.0,1,580.0,ebc3fc20-7ebd-4198-aeba-2ec703d6f6d4,b95e5008-b5a5-458c-bdd4-4cfe653e29b4
magaza 2,MOR2511150923W2,10000,265/70 R16 112T,Boto,,CN,2025,1100.0,2,2200.0,49fee7e5-3e29-4afc-a77f-750a50ca2041,1d69ddb3-de3a-484c-bb56-379e2a44c001
magaza 2,MOR2511150923W2,10000,165/70 R13 79T,Landspider,,CN,2026,530.0,6,3180.0,837f6e21-f6bf-4314-8f07-8736eb0a14c5,ee5cfd6c-22b3-44cc-8f14-54325661a89f
magaza 2,MOR2511150923W2,10000,175/70 R13 82T,Landspider,,CN,2026,360.0,1,360.0,340ccdec-22d1-4498-8e13-07839c6542d5,d6104495-f055-4792-98e5-9e6fcd122616
magaza 2,MOR2511150923W2,10000,165/70 R13 79T,Montreal,,CA,2025,340.0,1,340.0,b709ecdd-4326-443f-b874-b2c4cda45c37,291bdae2-ecf6-4a4f-bd3e-ecc837356cf3
magaza 2,MOR2511150923W2,10000,225/40 R18 92V XL,Leufenn,,HU,2025,780.0,3,2340.0,9e826741-b5e9-4a0c-84ec-bc38691a7b31,083d6ca0-abc1-4dc6-a1c8-c5d491bf3afe
magaza 2,MOR2511150923W2,10000,205/55 R16 91V,Leufenn,,HU,2025,570.0,3,1710.0,13daa4e8-cf11-40d6-994d-b579cb84bc0d,031dd3d6-f32c-4ec7-8028-610713f6084a
magaza 2,MOR2511150923W2,10000,195/55 R16 87V,Lassa(Green),,TR,2026,650.0,1,650.0,78053734-67f0-4477-bc73-ba5184517e51,cc26f752-403d-48c4-880a-295e2d4d737b
magaza 2,MOR2511150923W2,10000,195/55 R16 87V,Momo,,IT,2026,570.0,18,10260.0,d1a268fb-0c4b-472b-a0ec-f3af8290f197,f48fdf8f-d6c8-49a8-a58a-be9ada17264d
magaza 2,MOR2511150923W2,10000,205/55 R16 91V,Boto,,CN,2025,480.0,36,17280.0,37761685-20dc-40cd-a066-9cdeed697c55,1c1c03c4-7ea7-4290-8f4e-7587ff3cbf6c
magaza 2,MOR2511150923W2,10000,205 R14,Starmaxx,,TR,2025,800.0,8,6400.0,d223e2c0-44d6-49a1-ab1d-74a403479a5b,445df042-b69d-48c4-b6f5-5a03a4e67006
magaza 2,MOR2511150923W2,10000,205/70 R15 96T,Lassa,,TR,2025,925.0,10,9250.0,93d75486-ade6-4271-b097-46ff6ff4c4b4,61ebf06e-1967-4fa5-b0f0-0bd20f967eb9
magaza 2,MOR2511150923W2,10000,195 R15,Lassa,,TR,2025,950.0,4,3800.0,e89fac2d-82c2-4808-92e8-2f053eb41a91,02b0bc6d-4b42-48bf-8a4a-0c2e0f8646dd
magaza 2,MOR2511150923W2,10000,245/45 R19,Boto,,CN,2025,900.0,0,0.0,7097c846-1257-4793-a4dd-9112201d7f78,7d5bb036-6760-419b-9c69-733d4844094f
magaza 2,MOR2511150923W2,10000,175/70 R13 82T,Leufenn,,HU,2025,380.0,2,760.0,e8b32e2a-6a3d-48c6-8e7e-1836242bc800,7ebb8bd1-7ba7-454c-830b-d61615b4a442
magaza 2,MOR2511150923W2,10000,215 R14,Petlas,,TR,2025,820.0,1,820.0,2200af5e-66b2-423c-915c-2e9b43762fa4,bceb234f-7f0c-4acd-ad19-82c721671621
magaza 2,MOR2511150923W2,10000,155/70 R13 75T,Petlas,,TR,2025,350.0,1,350.0,4b7a6cc8-f4bd-4811-bac6-319a0d43b2e1,e70cd5cf-287c-447c-9985-e80f0df54253
magaza 2,MOR2511150923W2,10000,165/60 R14 75H,Rotalla,,CN,2025,400.0,2,800.0,0f10c053-dfa0-4ba3-b3e4-b8e619efd4f1,3d9fb35f-ba29-4735-828e-8ed69e5d620a
magaza 2,MOR2511150923W2,10000,245/45 R19,Delinte,,TR,2025,950.0,4,3800.0,42831adb-131d-49a5-93e3-68f5cabe3147,a953a561-0d2d-49d4-a674-2c5250918884
magaza 2,MOR2511150923W2,10000,205/60 R16 92V,Lassa(Green),,TR,2026,700.0,3,2100.0,1f3791e9-1a6b-413b-9a89-9628a105fc93,c153d953-5bba-47a9-8bdb-95ad76188755
magaza 2,MOR2511150923W2,10000,195/65 R15 91T,Lassa(Green),,TR,2026,600.0,2,1200.0,6ed1d0c8-2569-4472-9140-de6a331b42e6,5ab90de9-6238-4fb2-891c-8dd70ef440f6
magaza 2,MOR2511150923W2,10000,185 R14,Landspider,,CN,2026,600.0,1,600.0,e09a5d84-2b93-4777-8af4-e91e64035484,2d2efc8f-b40c-4687-9fd8-c501da68a716
magaza 2,MOR2511150923W2,10000,195 R14,Landspider,,CN,2026,650.0,1,650.0,cd757961-a96d-460e-a9b7-4d8b3d6863bd,1f3e125e-edde-40ba-b731-17251703b68c
magaza 2,MOR2511150923W2,10000,165/70 R13 79T,Petlas,,TR,2025,375.0,2,750.0,b452966b-a88c-48fa-8066-b54534b2273c,fbba2f29-5cb1-4fe0-b176-9e29dfff9345
magaza 2,MOR2511150923W2,10000,175/65 R14 82T,Boto,,CN,2025,370.0,1,370.0,b61dc18f-d4ff-4d05-829a-15e5d7465b40,91e8cd97-5790-4f7a-bc27-2e8d0f6b9a73
magaza 2,MOR2511150923W2,10000,165/60 R14 75H,Delinte,,TR,2025,400.0,0,0.0,1c424fb7-a8fe-4718-9a1f-80fc58fec70a,02056510-9675-41cc-928b-e812dbe93f7c
magaza 2,MOR2511150923W2,10000,215/55 R16 93V,Lassa,,TR,2025,725.0,2,1450.0,ee9996ce-1a6a-4f6e-acb1-952635dc20c4,e8fb7a17-825f-42e0-a37d-c2c7c6b708f9
magaza 2,MOR2511150923W2,10000,185/60 R15 84H,Lassa,,TR,2025,560.0,2,1120.0,14656071-1c55-4514-997e-03de61978f6f,1b8589d0-5bc3-4797-8f1e-bb0f9a58e0f2
magaza 2,MOR2511150923W2,10000,205/55 R16 91V,Hankook,,HU,2025,690.0,15,10350.0,b5826ee5-9b90-4f2c-9e70-caabef994975,c26f7b41-185a-49be-b85d-c402b8664cf5
magaza 2,MOR2511150923W2,10000,215/60 R17 96H,Lassa,,TR,2025,1000.0,6,6000.0,266c772d-6f79-4aaa-9407-fdbcc784061d,8f68cd01-d985-489d-b9a8-917fe763d715
magaza 2,MOR2511150923W2,10000,195/55 R16 87V,Semperit,,AT,2025,700.0,4,2800.0,b6c4ca87-41c9-4977-821a-580d8d607fe6,86ae6059-d59f-4a7d-9fc3-baec000dd43d
magaza 2,MOR2511150923W2,10000,225/60 R17 99H,Goodyear,,US,2025,1150.0,0,0.0,56793ddd-8a5e-4b6e-8f5c-8da2caa3f6e2,27d1eabe-1fe9-476d-938a-81fd7ff0ec56
magaza 2,MOR2511150923W2,10000,195/55 R16 87V,Leufenn,,HU,2025,680.0,2,1360.0,6aa924e2-b108-44d8-9f6e-967284072342,ce166689-8f95-458b-9304-c3b3fd96b516
magaza 2,MOR2511150923W2,10000,175/70 R14 84T,Petlas,,TR,2025,425.0,0,0.0,6f156874-80d3-475e-8a69-1291aa1387f2,8f55df67-2f88-4f0f-8c08-57d3667cb1d2
magaza 2,MOR2511150923W2,10000,185/65 R15 88T,Hankook,,HU,2025,580.0,0,0.0,8c493afc-0d7f-4737-a4f2-2a58f1c6afa6,09ab9923-466b-40f3-bfa1-91587327a122
magaza 2,MOR2511150923W2,10000,225/45 R17 91V XL,Leufenn,,HU,2025,660.0,0,0.0,41f809fe-f451-4aeb-9c9e-eb9d5597580f,7548c988-a715-4936-9536-50ae3aeeefdf
magaza 2,MOR2511150923W2,10000,215 R14,Starmaxx,,TR,2025,840.0,2,1680.0,b1788d4e-d873-449c-ba3f-7d6f23f83cd6,b61a75d7-9b45-4740-be0f-c51bea1ee13c
magaza 2,MOR2511150923W2,10000,225/45 R18 91V,Leao,,CN,2026,700.0,0,0.0,b72cd0ee-aca5-4a61-af7e-a7bcafec8f9f,eee8347e-ad55-4a51-9f7b-7d2a817f442a
magaza 2,MOR2511150923W2,10000,215/55 R17 94V,Delinte,,TR,2025,680.0,4,2720.0,61953895-ba45-441c-8be7-721bfd096ba7,b89b61e0-b838-4b51-86b0-151460edd810
magaza 2,MOR2511150923W2,10000,215/60 R17 96H,Leufenn,,HU,2025,830.0,0,0.0,3ae62781-f712-4f2d-b068-fec6bfc3591f,2dc12a34-d437-4b0d-bbbb-30bffa276386
magaza 2,MOR2511150923W2,10000,195/75 R16 C,Amine,,TN,2026,845.0,0,0.0,35d42642-65a0-439a-b28e-96bda1fd2925,5fa6360b-267f-4de0-ba81-4fc4b40f93a1
magaza 2,MOR2511150923W2,10000,215/55 R16 93V,Delinte,,TR,2025,700.0,0,0.0,09712e60-3952-49f5-b49a-5f3f098b5368,197c9933-dbc8-447a-a4ee-c06d8135cb18
magaza 2,MOR2511150923W2,10000,185/65 R14 86H,Tracmax,,CN,2025,400.0,0,0.0,76295ffb-af78-4196-a416-29fbb40fd5e4,987d3766-6612-4b1a-ac77-23d6652e8afc
magaza 2,MOR2511150923W2,10000,18/04 R30,Petlas,,TR,2025,5000.0,0,0.0,ac43340a-3ba4-489b-8c3d-2d659387478c,f7c427ee-96ca-4014-a1c5-714a30690f5d
magaza 2,MOR2511150923W2,10000,225/75 R16 C,Goodyear,,US,2025,1600.0,0,0.0,e106c0ab-4dae-4332-b364-dc369a63efa5,dc444f48-f4c3-47bf-b084-95f57c9ed1be
magaza 2,MOR2511150923W2,10000,235/60 R18 103V,Delinte,,TR,2025,930.0,2,1860.0,92cf56a6-2f4b-405e-9591-0c2d8f2f3338,dea949c7-95fd-41c8-a813-15c38bb62b3f
magaza 2,MOR2511150923W2,10000,225/50 R17 94V,Leufenn,,HU,2025,2950.0,0,0.0,d2d54647-d07b-450a-8241-5c67989a152a,baf98da5-018e-4ff0-8b42-0c521a28e5cf
magaza 3,MOR2511150923W3,10000,185/65 R15 88T,Hankook,,HU,2025,570.0,11,6270.0,8c493afc-0d7f-4737-a4f2-2a58f1c6afa6,5c4cfa3b-2e3f-49f3-8ea6-a24bf3780165
magaza 3,MOR2511150923W3,10000,185/65 R14 86H,Triangle,,CN,2025,420.0,3,1260.0,c2b31457-fbec-4424-a9d4-54da20067326,8229e9aa-07a4-4d52-b2e3-0a2010c41d05
magaza 3,MOR2511150923W3,10000,205 R14,Uniroyal,,DE,2025,0.01,0,0.0,3d1b53c1-f19e-405c-8b94-157a36e7f13c,23db0706-e006-4dd7-bc2e-0f4f3792e25a
magaza 3,MOR2511150923W3,10000,225/75 R16 C,Lassa,,TR,2025,1200.0,0,0.0,43a00b26-f8f3-47f1-a965-6aa7344929fe,dd9c44f5-16a7-4ec1-aad9-534e19c262fe
magaza 3,MOR2511150923W3,10000,255/50 R17 101V XL,Boto,,CN,2025,770.0,6,4620.0,0cc231d4-5252-43a5-a07b-940b2a469fdb,8789dcd4-796f-4c6f-a5f3-6507677911e1
magaza 3,MOR2511150923W3,10000,225/45 R17 91V XL,Leufenn,,HU,2025,660.0,0,0.0,41f809fe-f451-4aeb-9c9e-eb9d5597580f,37cf0744-eef7-4f36-a8be-55d110c1ddf3
magaza 3,MOR2511150923W3,10000,225/65 R15 100T,Lassa,,TR,2025,1100.0,6,6600.0,206e3e38-df9b-4049-b249-fba920905a50,5c5bda5c-85b1-4c28-a7b0-c1ce30f455fd
magaza 3,MOR2511150923W3,10000,165/70 R13 79T,Triangle,,CN,2025,360.0,0,0.0,af4dbde9-4045-4b03-bc18-e9a5283fc06d,6700a8af-e8de-4ab8-8f2b-7a8960b59215
magaza 3,MOR2511150923W3,10000,165 R13,Triangle,,CN,2025,640.0,0,0.0,a25672d1-ce07-466c-8e6f-449f907e9a54,7ce2c8f8-208a-4df7-905c-f84786e058ca
magaza 3,MOR2511150923W3,10000,205/65 R15 94V,Lassa,,TR,2025,650.0,2,1300.0,738b803d-e498-442d-935f-6e3847598148,b376c6cb-a314-49c2-b9f8-7e7d6a7fd2fb
magaza 3,MOR2511150923W3,10000,195/55 R16 87V,Momo,,IT,2026,600.0,4,2400.0,d1a268fb-0c4b-472b-a0ec-f3af8290f197,8ea27e75-3399-44a5-8b32-310b32d67ad3
magaza 3,MOR2511150923W3,10000,225/60 R17 99H,Leufenn,,HU,2025,890.0,2,1780.0,015dc1bf-cb27-49ef-ade6-bcf40b2a467a,157d4227-3b91-4682-8e40-dbbf5adb85cd
magaza 3,MOR2511150923W3,10000,205/65 R15 94V,Petlas,,TR,2025,580.0,47,27260.0,715ced5b-1625-461b-a67d-1dda6242c1fc,5d83ce19-cc81-4cee-8eb9-a22e0c7f2d07
magaza 3,MOR2511150923W3,10000,215/55 R17 94V,Semperit,,AT,2025,900.0,2,1800.0,57c5dc79-b0c3-4f5c-ba8d-253e26f5128d,5a05b709-c1c4-4501-95b2-7546bbf37f4f
magaza 3,MOR2511150923W3,10000,205 R14,Triangle,,CN,2025,750.0,30,22500.0,5502d65c-250a-48d4-b700-dc66689652d0,a198677f-0d64-4d8c-9ea6-dff763a1c044
magaza 3,MOR2511150923W3,10000,225/50 R17 94V,Leufenn,,HU,2025,850.0,0,0.0,d2d54647-d07b-450a-8241-5c67989a152a,d8811e0f-d8be-453b-9668-ee0ce5e89a32
magaza 3,MOR2511150923W3,10000,185/65 R15 88T,Lassa(Green),,TR,2026,520.0,8,4160.0,01c83045-e924-47f3-82d1-f43f065ea294,ee9dbdf0-b9b0-448f-912c-12048734dae9
magaza 3,MOR2511150923W3,10000,205/55 R16 91V,Hankook,,HU,2025,670.0,9,6030.0,b5826ee5-9b90-4f2c-9e70-caabef994975,cb004f1f-c3ce-468b-94bf-50226e6bcc4e
magaza 3,MOR2511150923W3,10000,195 R15,Boto,,CN,2025,700.0,0,0.0,9c5e6e2b-2a8f-4741-a87f-dd143dc0edc1,642a469d-7109-45a9-8910-23557d8d3db4
magaza 3,MOR2511150923W3,10000,155/80 R13 79T,Petlas,,TR,2025,390.0,0,0.0,1fabd0a3-7bdd-48d9-b865-214e23c38e4a,6d9e8276-4aab-48d9-a7b4-ee54d31e5cf1
magaza 3,MOR2511150923W3,10000,225/70 R15 100T,Michelin,,ES,2025,1580.0,0,0.0,63762fd9-faba-48fc-8fa0-d7fb06befa12,0cdf54da-d507-411d-931b-2acbcbb8980d
magaza 3,MOR2511150923W3,10000,750 R18,Petlas,,TR,2025,870.0,0,0.0,d94bcff5-17bb-4d37-bea5-94eb9125d823,ef18f012-a5a5-41e3-a6f2-be1a205361e8
magaza 3,MOR2511150923W3,10000,175/70 R13 82T,Petlas,,TR,2025,380.0,0,0.0,f63274aa-bba3-4c99-b9cb-f6e16070ad8c,96f33dad-d093-4b07-97cd-fd1e0d4d4c24
magaza 3,MOR2511150923W3,10000,155/70 R13 75T,Petlas,,TR,2025,365.0,0,0.0,4b7a6cc8-f4bd-4811-bac6-319a0d43b2e1,c3a4b6f5-d829-4974-af0f-5982cac322e2
magaza 3,MOR2511150923W3,10000,185/65 R15 88T,Austone,,CN,2026,400.0,5,2000.0,2e53bffa-050b-4b36-96d0-8154d966bfcf,b852bc6c-0331-4817-93b7-8aa2c04bc469
magaza 3,MOR2511150923W3,10000,185/60 R14 82H,Boto,,CN,2025,420.0,4,1680.0,5487be3a-f7ee-4bdc-acf9-7c761c192ea6,b93d5679-3b22-4160-8589-1ff689392a82
magaza 3,MOR2511150923W3,10000,185/65 R15 88T,Leufenn,,HU,2025,480.0,0,0.0,e30d7bec-1d07-4967-8518-f9a07f64a8fe,66aefa41-be31-4883-bb5a-c439604f566b
magaza 3,MOR2511150923W3,10000,225/60 R17 99H,Nexen,,KR,2025,900.0,2,1800.0,58c5f607-dbc3-4b77-bda4-fb934c0a47bd,70a4971c-d88b-409d-857f-be642dbb3674
magaza 3,MOR2511150923W3,10000,185/65 R15 88T,Goodyear,,US,2025,560.0,4,2240.0,bfd38187-1177-4625-be41-6fc67b94df07,3a64ac0f-a568-4f7a-a17d-0f45260d8dd2
magaza 3,MOR2511150923W3,10000,245/70 R16 107T,Amine,,TN,2026,900.0,0,0.0,d3750703-1ad1-485e-902f-2a17357bdcca,b2b2b516-076d-486d-9460-c3f07d061603
magaza 3,MOR2511150923W3,10000,195 R15,Amine,,TN,2026,740.0,6,4440.0,8f32ca9f-2932-4d19-ba17-2d6c6bf9fd99,2b0a71b8-ae4b-4eca-a6dc-29f03a54c085
magaza 3,MOR2511150923W3,10000,225/70 R15 100T,Petlas,,TR,2025,930.0,0,0.0,c18e14d1-85c6-4be7-80f7-beebcaf55e05,50f0cb44-7f86-4ba6-b4b7-b3a475dda588
magaza 3,MOR2511150923W3,10000,205/60 R16 92V,Petlas,,TR,2025,605.0,5,3025.0,34d1ad79-8392-4b71-be61-f2dd95b15dae,d1aa0c5f-0e75-4971-b044-9f124e5e1c04
magaza 3,MOR2511150923W3,10000,225/45 R19,Rotalla,,CN,2025,900.0,3,2700.0,54b8bba6-ec25-429a-ad1d-73f26e530982,bd1d974a-40f0-4ec9-a79b-bc58781b2a74
magaza 3,MOR2511150923W3,10000,175/65 R14 82T,Amine,,TN,2026,480.0,20,9600.0,16d098e4-569d-44d4-8bb2-0147015d65b7,d2224d13-b9c9-442b-921b-07b70cb92d0c
magaza 3,MOR2511150923W3,10000,165/70 R13 79T,Petlas,,TR,2025,370.0,0,0.0,b452966b-a88c-48fa-8066-b54534b2273c,de9d5d1f-9e34-47ac-9126-17be25c8e91a
magaza 3,MOR2511150923W3,10000,195/75 R16 C,Petlas,,TR,2025,857.0,0,0.0,636e8a49-9c13-43d0-9fec-6b414ff693bb,ad53e05e-5de8-4abf-8c39-0c78dbce17d5
magaza 3,MOR2511150923W3,10000,175 R14,Triangle,,CN,2025,600.0,2,1200.0,1782f19e-11d9-4cdc-a3f6-c9be879ee39e,b5dabd22-7084-49fa-a2bc-843b60c9bfe7
magaza 3,MOR2511150923W3,10000,185/75 R16 C,Lassa,,TR,2025,900.0,4,3600.0,8972f2a4-68b8-468c-a61e-b7426133a13d,9c7ba7a4-912d-4f1b-8d61-a4b61769386a
magaza 3,MOR2511150923W3,10000,175/70 R14 84T,Landspider,,CN,2026,385.0,10,3850.0,f33325b4-55c1-43b3-b443-ef2e6b4bca3e,17e3f17c-e614-438b-8a11-afb052330506
magaza 3,MOR2511150923W3,10000,185/65 R15 88T,Starmaxx,,TR,2025,450.0,49,22050.0,d5445c5b-de04-4050-b6cf-fecce69d92e8,304d958b-a90b-41e7-bb17-92b36cccb4da
magaza 3,MOR2511150923W3,10000,11 R22.5,Petlas,,TR,2025,2840.0,0,0.0,ad9dc390-cc99-428f-b9fb-552588f508c6,baf5c2e8-42b0-4f71-a816-59fe58aa1431
magaza 3,MOR2511150923W3,10000,295/80 R22.5,Triangle,,CN,2025,3500.0,2,7000.0,7aaaf630-a69a-4c26-86db-d93b7f0a6b6c,b582416d-8607-4499-b722-ee5e4de16d01
magaza 3,MOR2511150923W3,10000,195/65 R15 91T,Amine,,TN,2026,560.0,59,33040.0,cd8b24ff-9405-4a94-99ec-a0656377541c,2567b305-1382-4e1d-91f5-996fe39b07dc
magaza 3,MOR2511150923W3,10000,195 R15,Triangle,,CN,2025,830.0,0,0.0,dea9c77e-d37e-4b7f-b502-6ffffa3f6a7d,370b101e-1ce8-491f-9d18-e9376a2e035b
magaza 3,MOR2511150923W3,10000,175/70 R13 82T,Landspider,,CN,2026,350.0,10,3500.0,340ccdec-22d1-4498-8e13-07839c6542d5,3ed1eca0-f265-4e86-85ff-2185b1fb26fb
magaza 3,MOR2511150923W3,10000,205/55 R16 91V,Lassa,,TR,2025,650.0,0,0.0,5d1b94f5-56a2-4161-b2d3-0193f41f1b7f,a9ce5e27-ea16-444e-9a62-665b40bdc861
magaza 3,MOR2511150923W3,10000,155/70 R13 75T,Landspider,,CN,2026,320.0,2,640.0,7c76e8f9-3434-470f-8741-b4a74b92b5c4,c8331bfc-44d8-4677-a282-81a0f0a08582
magaza 3,MOR2511150923W3,10000,195/55 R16 87V,Goodyear,,US,2025,710.0,0,0.0,85ff073e-6c35-4188-8227-0cbbd6d873a5,2045cee9-12b6-48d0-be6c-f036daa65b4a
magaza 3,MOR2511150923W3,10000,750 R16,Petlas,,TR,2025,750.0,0,0.0,74ef5c3c-828f-4e7e-87a3-49b6ff698758,4880f0ba-d0c4-42ce-a57c-d032e18f71a4
magaza 3,MOR2511150923W3,10000,185/65 R14 86H,Petlas,,TR,2025,440.0,3,1320.0,30ad49fd-8427-4b9c-a95c-a4177071f7df,50b030c5-2a60-4b94-b705-c5aa503f19b6
magaza 3,MOR2511150923W3,10000,175/65 R14 82T,Petlas,,TR,2025,415.0,5,2075.0,c5eda0a2-ec56-4b97-8425-56d3ac5ffd4d,25b0cb02-797e-4117-9aa9-ad17e3df2648
magaza 3,MOR2511150923W3,10000,195/75 R16 C,Lassa,,TR,2025,1060.0,13,13780.0,7d8b3763-0daf-414d-a21b-0fc73e424d47,407f9c46-1d24-472c-b903-f2330cc5f39d
magaza 3,MOR2511150923W3,10000,225/70 R15 100T,Lassa,,TR,2025,900.0,16,14400.0,c38f6780-914d-4076-8194-b56f36831774,2082a405-ece8-4f4a-95da-fb30314fc96d
magaza 3,MOR2511150923W3,10000,175/65 R14 82T,Lassa(Green),,TR,2026,460.0,1,460.0,c13f2b95-6f65-4f17-868a-e3c842554ea1,638a9d0e-3c41-42fc-9dd6-99aa22c23289
magaza 3,MOR2511150923W3,10000,155 R12 C,Petlas,,TR,2025,440.0,0,0.0,88c6d509-44ed-40d2-b771-63bc3b8cd1f7,8ef2b5b1-793b-40a3-b162-7090034d6ccf
magaza 3,MOR2511150923W3,10000,205/75 R16 C,Petlas,,TR,2025,0.01,0,0.0,d9ad3702-8538-4afe-bcae-27a88ecc56ae,7b9fb8ba-e921-4b9e-b98f-bac55577a6c5
magaza 3,MOR2511150923W3,10000,205/55 R16 91V,Lassa(Green),,TR,2026,650.0,4,2600.0,c81ae577-8ffc-4d16-8a7f-971887268adb,2aef8ca8-99ab-4952-bd69-5149af9a4bdf
magaza 3,MOR2511150923W3,10000,175/70 R14 84T,Lassa(Green),,TR,2026,500.0,2,1000.0,a3d12439-eed3-4605-9b99-dfab98262017,6e2f5a4c-df87-4c90-9e6e-3707cbb0850a
magaza 3,MOR2511150923W3,10000,215 R14,Petlas,,TR,2025,820.0,0,0.0,2200af5e-66b2-423c-915c-2e9b43762fa4,e0c8d2be-2dbd-4c85-8c5c-798f40b878db
magaza 3,MOR2511150923W3,10000,215/65 R16 98T,Goodyear,,US,2025,0.01,0,0.0,3e8497f2-57bd-4d09-8984-3f33924fae42,7f6ee0cd-1807-4aa4-b5ed-75544bdf7a8c
magaza 3,MOR2511150923W3,10000,195 R14,Landspider,,CN,2026,650.0,2,1300.0,cd757961-a96d-460e-a9b7-4d8b3d6863bd,7abba589-7008-4c1e-8c8f-ed7724d80f7a
magaza 3,MOR2511150923W3,10000,155/70 R13 75T,Triangle,,CN,2025,340.0,2,680.0,bc27f089-e1a5-4857-87db-4f3f5d910f0c,0772a33e-0803-45ba-8f84-0feaa1b0729f
magaza 3,MOR2511150923W3,10000,195/75 R16 C,Delinte,,TR,2025,820.0,2,1640.0,9980929d-9b1f-40bd-a989-bf70afb66e48,29c269c4-94b1-43f3-af94-f233bfc8e814
magaza 3,MOR2511150923W3,10000,195/75 R16 C,Lassa(Atracta),,TR,2026,1040.0,2,2080.0,7b34ea81-6cc2-4d3b-8429-534486e7f486,d7b98e4c-e2dc-4f4f-b1b8-826e1e930d6c
magaza 3,MOR2511150923W3,10000,225/75 R16 C,Petlas,,TR,2025,0.01,0,0.0,19089f2e-b8b9-421c-b740-a9c4f4765203,2de5f956-2d1a-456d-9c48-d96493db0ded
magaza 3,MOR2511150923W3,10000,165/70 R13 79T,Landspider,,CN,2026,345.0,2,690.0,837f6e21-f6bf-4314-8f07-8736eb0a14c5,1166538f-a7a5-4c68-bdda-6e6ca5977575
magaza 3,MOR2511150923W3,10000,195 R15,Lassa,,TR,2025,940.0,13,12220.0,e89fac2d-82c2-4808-92e8-2f053eb41a91,840fa051-5c01-46f0-9c5e-631b068f6613
magaza 3,MOR2511150923W3,10000,175/70 R14 84T,Petlas,,TR,2025,0.01,0,0.0,6f156874-80d3-475e-8a69-1291aa1387f2,1a66caa0-173f-47ed-b887-e7367c6d9f61
magaza 3,MOR2511150923W3,10000,195 R14,Starmaxx,,TR,2025,750.0,9,6750.0,6179f383-284e-49cd-b3a2-1747176a1260,82bc7eb7-3dd2-4603-b155-4d9f4bf6c04e
magaza 3,MOR2511150923W3,10000,175/65 R14 82T,Leao,,CN,2026,360.0,1,360.0,fc56e9bf-9982-4aec-b57b-84067fcc89a5,2b6f33aa-aec6-4e7e-b940-47122fcdd226
magaza 3,MOR2511150923W3,10000,185 R14,Landspider,,CN,2026,610.0,7,4270.0,e09a5d84-2b93-4777-8af4-e91e64035484,4ada1016-1143-438b-9d9b-52f9fe0a88c0
magaza 3,MOR2511150923W3,10000,195/65 R15 91T,Petlas,,TR,2025,490.0,4,1960.0,116d4b89-478d-493b-906c-be18b8ac932a,53a7dc0f-4361-4c36-b2f9-d80993efd933
magaza 3,MOR2511150923W3,10000,195/55 R16 87V,Lassa,,TR,2025,660.0,2,1320.0,47d3402a-0fca-4b24-b354-3d583345f486,1bd33894-999a-4ccd-bc71-dd594c382b24
magaza 3,MOR2511150923W3,10000,175/70 R13 82T,Lassa(Green),,TR,2026,445.0,0,0.0,8c891e01-6672-47ab-9373-21e928af4aa5,13356558-1b85-4659-b4c4-3f15daf7ad56
magaza 3,MOR2511150923W3,10000,185/70 R14 88T,Lassa(Green),,TR,2026,590.0,2,1180.0,26932c13-a49d-4606-94a5-43cd013bc889,10ad6b5f-e1c7-4f34-a692-6336b0fe2c1f
magaza 3,MOR2511150923W3,10000,195 R15,Starmaxx,,TR,2025,830.0,0,0.0,a4597475-b8f9-4a1c-9a57-acf300b7986d,12d582d4-4fea-4cea-a420-328aef501532
magaza 3,MOR2511150923W3,10000,235/65 R16 103T,Lassa,,TR,2025,1250.0,10,12500.0,fe5e2286-e231-47c3-a9ef-3b222f007d06,4466ade8-84db-474d-bd31-cd0e2504ea19
magaza 3,MOR2511150923W3,10000,215/75 R16 C,Lassa,,TR,2025,1120.0,0,0.0,43185448-5eb8-4bb8-9e1e-89c16fcceabc,469d110a-627e-47c0-9caf-ff58c89cc50d
magaza 3,MOR2511150923W3,10000,185/65 R14 86H,Lassa(Green),,TR,2026,530.0,6,3180.0,c3afcfb3-5e75-4354-8f68-34f3fb5b5e06,53303ae8-f72f-4b63-a762-465b6a7b692e
magaza 3,MOR2511150923W3,10000,225/65 R16 100T,Lassa,,TR,2025,1100.0,7,7700.0,df899015-b146-4d04-81ec-ffd2e1d2be1f,bd50cbe2-01ad-49e4-9c75-f55e8e20bffa
magaza 3,MOR2511150923W3,10000,215/70 R15 98T,Lassa,,TR,2025,0.01,0,0.0,cf5c0517-f127-4c0e-b29d-8de0bf853f3d,3eaab00d-cfa5-4df6-802f-92bf2ee067bf
magaza 3,MOR2511150923W3,10000,185/65 R15 88T,Rotalla,,CN,2025,440.0,2,880.0,a6b51f6f-bbda-4f66-9657-d01f45e1bbfc,677993da-2336-44bb-838f-d7c01440ef8e
magaza 3,MOR2511150923W3,10000,195 R15,Petlas,,TR,2025,0.01,0,0.0,4566b94c-4bbe-4e32-8884-ef18292fb845,4ebe06e0-58f3-4ca0-80b5-87fcbc0e6719
magaza 3,MOR2511150923W3,10000,155 R12 C,Leao,,CN,2026,350.0,0,0.0,f1022540-ffc4-43b7-b8b0-117f127e0f35,b3f139c1-1c81-4202-ab6e-d356f0f4da81
magaza 3,MOR2511150923W3,10000,185 R14,Petlas,,TR,2025,0.01,3,0.03,9c704ce5-a3c7-46e7-a298-3a4a2ab9d153,49452e4e-6c38-4002-8043-a714a12117a7
magaza 3,MOR2511150923W3,10000,235/40 R19,CITY STAR,,CN,2026,905.0,6,5430.0,8cb5bfeb-6b1d-4661-929d-a4401548d3c5,e9d20bc2-2038-4926-9c40-877f274062bd
magaza 3,MOR2511150923W3,10000,185/65 R15 88T,Petlas,,TR,2025,450.0,13,5850.0,607c0855-f539-48e9-8c52-4de87a1b2f5d,b71adf08-c8c1-43ca-b0bc-9f45317dd3be
magaza 3,MOR2511150923W3,10000,205 R14,Starmaxx,,TR,2025,800.0,0,0.0,d223e2c0-44d6-49a1-ab1d-74a403479a5b,624f4488-ddb7-4cca-ab72-7c5c2254c8a3
magaza 3,MOR2511150923W3,10000,225/45 R17 91V XL,Delinte,,TR,2025,650.0,2,1300.0,eeef4463-d8de-4df5-929f-129da4cddc6c,b961537d-a813-4c50-b513-3af398f15a9f
magaza 3,MOR2511150923W3,10000,185 R14,Starmaxx,,TR,2025,690.0,6,4140.0,14ff9d15-e387-46bd-b84d-c2b45b08ba2b,d04e5bf0-d836-4a2d-9ee7-27802f097a4f
magaza 3,MOR2511150923W3,10000,175/70 R14 84T,Starmaxx,,TR,2025,420.0,4,1680.0,9b51cebb-b708-4b5d-91af-0f13552e91da,1c577e77-0823-4896-9349-651f7813dfa6
magaza 3,MOR2511150923W3,10000,195/65 R15 91T,Rotalla,,CN,2025,450.0,46,20700.0,777a6829-c249-455e-8c81-64b7f3be2fc4,073991ea-d438-4d77-bfd3-a1d1d94c0b0d
magaza 3,MOR2511150923W3,10000,8.5 R17.5,Triangle,,CN,2025,1400.0,1,1400.0,02b0f321-946a-41e7-9222-9668b77a0ec5,307a566b-34a3-440a-a63e-b65d0e16cdc6
magaza 3,MOR2511150923W3,10000,175/70 R13 82T,Rotalla,,CN,2025,350.0,0,0.0,59edd57f-fe12-4f13-9523-d70e495617e6,579fd058-2919-4cf3-93c9-315214cca83f
magaza 3,MOR2511150923W3,10000,155 R12 C,Boto,,CN,2025,360.0,2,720.0,c6a2e40d-0043-453d-9311-47c9c8f29e7a,cd1174d0-8fb0-4959-b91c-ae28c32548b3
magaza 3,MOR2511150923W3,10000,175/70 R14 84T,Boto,,CN,2025,390.0,60,23400.0,6682f11a-ca8e-4acd-825f-c9a065e70aeb,cbbe227f-75f1-46e3-9c19-b46f0d82703b
magaza 3,MOR2511150923W3,10000,165/70 R13 79T,Boto,,CN,2025,350.0,0,0.0,00e03eeb-b8c2-4eb7-90eb-5a4c7d47535a,8f06ba4c-f784-40bf-8b64-8dadcc2d5c6b
magaza 3,MOR2511150923W3,10000,205/55 R16 91V,Goodyear,,US,2025,620.0,23,14260.0,1b8b72df-d986-4cef-988c-e19fecb485e1,8fd138cc-e421-4cfd-9852-b5bb295205ce
magaza 3,MOR2511150923W3,10000,245/40 R19,CITY STAR,,CN,2026,855.0,5,4275.0,92768edd-83c0-47e9-b83b-a668171e2a91,ace1d10a-4996-4b0d-ad45-1f5d1a8ab373
magaza 3,MOR2511150923W3,10000,255/45 R20,CITY STAR,,CN,2026,965.0,6,5790.0,b4a12ecb-904c-4aa3-b0dc-53d62393b5e8,8af3c5fd-3dbb-452a-8768-27c7987720d1
magaza 3,MOR2511150923W3,10000,215/60 R17 96H,Rotalla,,CN,2025,730.0,4,2920.0,63fbcdd0-2216-477f-925a-5c223a4af477,a87665ed-a581-42b5-a5ea-70b07b2c3229
magaza 3,MOR2511150923W3,10000,195/65 R15 91T,Goodyear,,US,2025,565.0,11,6215.0,d762aa62-e136-4396-9ab3-66baeec42c50,49c6143b-cff9-4643-a9c9-78bc8b882116
magaza 3,MOR2511150923W3,10000,165/70 R13 79T,Montreal,,CA,2025,340.0,31,10540.0,b709ecdd-4326-443f-b874-b2c4cda45c37,afda5dd4-b923-400c-b354-ed64050bbcb1
magaza 3,MOR2511150923W3,10000,235/40 R18 95V XL,Boto,,CN,2025,755.0,4,3020.0,96a07e6c-af7f-4956-a4eb-4eb70057bfc0,5f8ea60c-22f7-4c8d-9dfd-7ee30e603ba5
magaza 3,MOR2511150923W3,10000,185/65 R15 88T,Boto,,CN,2025,430.0,72,30960.0,ae76590f-d989-486c-9de7-d59d7c3f17a5,5ba35295-8aee-465f-aff9-a76b70faa109
magaza 3,MOR2511150923W3,10000,255/40 R20,Boto,,CN,2025,985.0,6,5910.0,78e7dd07-6aab-4aea-a827-08af43ffab1c,f6a91ca8-783d-4e3a-93e7-16c44f130e10
magaza 3,MOR2511150923W3,10000,225/55 R17 97V,Boto,,CN,2025,770.0,4,3080.0,2ac33109-e7e3-42aa-9e6b-e33289efdc04,86bb6990-8049-4289-a213-9a2b6e65cf4d
magaza 3,MOR2511150923W3,10000,255/45 R19,Boto,,CN,2025,985.0,8,7880.0,eb3abff1-f453-4fbc-be67-8ace11ade554,d2ada710-3e94-4e90-89bf-70bed9e97fac
magaza 3,MOR2511150923W3,10000,215/65 R16 98T,Delinte,,TR,2025,690.0,20,13800.0,caa0d065-2475-445c-a35b-b6d465fe2a94,307b789a-b98d-4601-a735-937eac1bf9f1
magaza 3,MOR2511150923W3,10000,235/50 R19,Delinte,,TR,2025,1085.0,6,6510.0,8e51c469-9feb-4a71-ae1d-130c2f507d25,e06358c4-c8dd-4ae0-b687-7a2947e34c04
magaza 3,MOR2511150923W3,10000,205/55 R16 91V,Dunlop,,GB,2025,670.0,88,58960.0,8aadc3ce-9489-4e3a-ad08-bcb67ef7f8d9,d3e38f5e-eeec-4936-952f-ba2b1f391771
magaza 3,MOR2511150923W3,10000,195/55 R16 87V,Boto,,CN,2025,500.0,12,6000.0,a3627c0a-9e70-4ecd-b900-c612a66e005c,7b581a4b-ff4e-4014-9904-7b21c4f5210b
magaza 3,MOR2511150923W3,10000,195/55 R16 87V,Delinte,,TR,2025,560.0,12,6720.0,eaf51431-c90f-4c5d-91ea-37d4cdc5adfe,0f8f6f48-4150-40bc-9c5f-4aa0dfb97478
magaza 3,MOR2511150923W3,10000,235/35 R19 91V XL,Boto,,CN,2025,835.0,4,3340.0,f3900bea-fc9c-4acc-b638-81e56af6bc00,1fb39026-35db-4028-aad8-9bd9ba8fa4b4
magaza 3,MOR2511150923W3,10000,215/50 R18 92V,Delinte,,TR,2025,765.0,2,1530.0,f5494f09-db88-45a7-bf98-15a77210bcd0,2d4b3195-aaa0-4a11-bfc5-36aa1c047229
magaza 3,MOR2511150923W3,10000,225/45 R18 91V,Boto,,CN,2025,735.0,1,735.0,2b4cbaa2-4a1c-4f49-9d16-43bc9f2bffe6,790c69bf-f2c1-488b-8aa1-79f16af17ac1
magaza 3,MOR2511150923W3,10000,225/55 R18 98V,Delinte,,TR,2025,855.0,0,0.0,93dbd1bc-2be8-41bd-b37d-e71ca54e0dd0,e075dd38-5725-43c6-a9cb-776cf82a0799
magaza 3,MOR2511150923W3,10000,205/55 R16 91V,Boto,,CN,2025,480.0,58,27840.0,37761685-20dc-40cd-a066-9cdeed697c55,74f9fc06-b597-4c95-847b-921813bc326a
magaza 3,MOR2511150923W3,10000,185/65 R15 88T,Delinte,,TR,2025,570.0,14,7980.0,4d0669be-3b0a-44c7-83ad-75a9ad1d232a,2cd376ce-9b45-482e-b96f-eadd9324d839
magaza 3,MOR2511150923W3,10000,245/45 R18 96V,Boto,,CN,2025,835.0,4,3340.0,c346855e-4d04-4e4e-bafd-5443ae3751e2,43dcb9f0-752a-433f-a97f-5f3bd845e6ea
magaza 3,MOR2511150923W3,10000,175/65 R14 82T,Delinte,,TR,2025,390.0,34,13260.0,3d913242-a4ff-46cd-8498-e2c52f148eed,fe9883d1-6cf9-49f0-91a9-c62ec2565a33
magaza 3,MOR2511150923W3,10000,195 R14,Boto,,CN,2025,640.0,12,7680.0,370f7029-3d8b-4818-8a5e-03e5d895f142,83b905a2-be0f-4c72-a306-76d17335c543
magaza 3,MOR2511150923W3,10000,165/65 R14,Lassa(Green),,TR,2026,500.0,2,1000.0,0a9e87a2-1a7d-4e9e-bde5-84ea0c835b4a,0f4f8a5f-efdd-4d5f-ac3f-d503480397f8
magaza 3,MOR2511150923W3,10000,215/55 R16 93V,Delinte,,TR,2025,700.0,1,700.0,09712e60-3952-49f5-b49a-5f3f098b5368,82ebfc5a-10d5-4b3e-9109-a62ce696792c
magaza 3,MOR2511150923W3,10000,750 R16,Seha,,TR,2026,780.0,50,39000.0,85d5beef-2cdf-4bc4-be9d-67fddb9eaa5f,3f0fb063-ab21-4a57-b0b2-df27a90bac69
magaza 3,MOR2511150923W3,10000,750 R18,Seha,,TR,2026,900.0,50,45000.0,d4972f2e-5421-4d66-a2d3-2ae9297fd2b6,fde01556-782e-4f8d-897a-41371211d856
magaza 4,MOR2511150923W4,10000,185/65 R15 88T,Leufenn,,HU,2025,500.0,3,1500.0,e30d7bec-1d07-4967-8518-f9a07f64a8fe,07a46340-3f5e-4325-8953-a446ce4999f5
magaza 4,MOR2511150923W4,10000,155/80 R13 79T,Petlas,,TR,2025,375.0,22,8250.0,1fabd0a3-7bdd-48d9-b865-214e23c38e4a,736e8984-3865-4ac3-a567-6bfbc6ce0aa8
magaza 4,MOR2511150923W4,10000,175/70 R14 84T,Petlas,,TR,2025,425.0,44,18700.0,6f156874-80d3-475e-8a69-1291aa1387f2,1343d63e-0a94-4c8a-b93f-50a9161218ce
magaza 4,MOR2511150923W4,10000,185/65 R15 88T,Leao,,CN,2026,430.0,2,860.0,00b4c72d-0c42-4f66-a0b7-d77e5dce867a,2b7681e0-5747-41e3-bac4-e72de477d097
magaza 4,MOR2511150923W4,10000,175/70 R14 84T,Leao,,CN,2026,385.0,17,6545.0,55a7d37b-f28a-422d-b5ce-25097de0a887,5a5b98b1-298e-4576-a1f7-1be13ae4643a
magaza 4,MOR2511150923W4,10000,205/60 R16 92V,Petlas,,TR,2025,650.0,2,1300.0,34d1ad79-8392-4b71-be61-f2dd95b15dae,7991e15f-cf62-4c0f-99ba-896c72af6e12
magaza 4,MOR2511150923W4,10000,165/70 r14,Lassa(Green),,TR,2026,485.0,2,970.0,0c21d0b2-8717-4587-8882-5b33dd87ed0e,2c5aed1b-c3e0-45d1-af83-491073a7f19b
magaza 4,MOR2511150923W4,10000,185/65 R15 88T,Lassa(Green),,TR,2026,520.0,0,0.0,01c83045-e924-47f3-82d1-f43f065ea294,42682d46-9ee6-45c1-abfa-09095a16546a
magaza 4,MOR2511150923W4,10000,11 R22.5,Hankook,,HU,2025,3700.0,0,0.0,2c2bb8a1-847b-40da-908d-5da0db7be70d,dc623e30-ba9d-4f6f-bdb4-b07fb1f28824
magaza 4,MOR2511150923W4,10000,165 R13,Lassa,,TR,2025,650.0,0,0.0,0933155f-0688-43a4-86d0-6987108bdfce,40ae521e-b0f9-49b1-adaf-8c25d66378ac
magaza 4,MOR2511150923W4,10000,225/70 R15 100T,Michelin,,FR,2025,1580.0,0,0.0,a02ca2e3-22dc-4046-8cf1-271e7df38f30,ee1e8a13-c3af-4ea0-a2ed-082982733361
magaza 4,MOR2511150923W4,10000,195/55 R16 87V,Lassa(Green),,TR,2026,700.0,5,3500.0,78053734-67f0-4477-bc73-ba5184517e51,9bd123cb-c595-4a95-8a55-4aad2002f839
magaza 4,MOR2511150923W4,10000,205/55 R16 91V,Lassa(Green),,TR,2026,655.0,2,1310.0,c81ae577-8ffc-4d16-8a7f-971887268adb,98275634-6882-4aaa-9788-208af30ca8e8
magaza 4,MOR2511150923W4,10000,215/70 R15 98T,Michelin,,FR,2025,1530.0,0,0.0,051aeb1b-33c1-4d66-91a7-9751170fed14,f62b2bbe-2b52-4c54-af24-9f6486f64248
magaza 4,MOR2511150923W4,10000,225/60 R17 99H,Leufenn,,HU,2025,900.0,6,5400.0,015dc1bf-cb27-49ef-ade6-bcf40b2a467a,9a12d0de-d9f8-446a-aa59-08f8abc1cdd3
magaza 4,MOR2511150923W4,10000,175/65 R14 82T,Lassa,,TR,2025,570.0,9,5130.0,890badfb-9a4d-4f3c-8bf9-8f0ca45474ca,26ca6428-fd4d-4fdc-a17d-85ca70b5ae57
magaza 4,MOR2511150923W4,10000,185/65 R14 86H,Lassa(Green),,TR,2026,535.0,2,1070.0,c3afcfb3-5e75-4354-8f68-34f3fb5b5e06,14d0ce91-91cc-4573-9bba-b322afdd7748
magaza 4,MOR2511150923W4,10000,175/70 R14 84T,Lassa(Green),,TR,2026,490.0,5,2450.0,a3d12439-eed3-4605-9b99-dfab98262017,15417318-b0ce-43c0-b720-3d596e448957
magaza 4,MOR2511150923W4,10000,195/75 R16 C,Petlas,,TR,2025,880.0,2,1760.0,636e8a49-9c13-43d0-9fec-6b414ff693bb,8f5d5c72-b294-44a6-bd59-ec061816c86c
magaza 4,MOR2511150923W4,10000,195/70 R15 97T,Lassa,,TR,2025,875.0,0,0.0,43da7fe2-3cb2-41ca-91f6-f7bac07e2871,67e86399-3291-4d64-a2ef-8d1b4488f46f
magaza 4,MOR2511150923W4,10000,750 R18,Lassa,,TR,2025,950.0,0,0.0,b96dedb3-e8ff-499e-ab66-55fdf37a7269,e3f6fbe3-7cf0-45b6-8ea4-165336da34d1
magaza 4,MOR2511150923W4,10000,185/70 R14 88T,Lassa(Green),,TR,2026,575.0,2,1150.0,26932c13-a49d-4606-94a5-43cd013bc889,c38958e1-3e35-4bc7-99f0-d037b9b69a70
magaza 4,MOR2511150923W4,10000,215/75 R16 C,Lassa,,TR,2025,1160.0,1,1160.0,43185448-5eb8-4bb8-9e1e-89c16fcceabc,766ff1e9-ba95-40f3-be74-ad189234e9d5
magaza 4,MOR2511150923W4,10000,215/65 R16 98T,Lassa,,TR,2025,870.0,5,4350.0,1dd51828-3eeb-4b86-973f-28b8d5b7a311,75cd5271-bd8d-4902-ae0f-ba7652fc49c2
magaza 4,MOR2511150923W4,10000,195/65 R15 91T,Lassa(Green),,TR,2026,590.0,4,2360.0,6ed1d0c8-2569-4472-9140-de6a331b42e6,8cafd7f6-7eb7-4498-975d-9e9627bf9cb5
magaza 4,MOR2511150923W4,10000,185/65 R15 88T,Hankook,,HU,2025,600.0,1,600.0,8c493afc-0d7f-4737-a4f2-2a58f1c6afa6,d5ab8e36-eb12-4194-ae79-9f1c5488d7bd
magaza 4,MOR2511150923W4,10000,205 R14,Lassa,,TR,2025,950.0,33,31350.0,1c855d3c-baae-4d55-88b5-8a780d1a41c2,edf4b8a6-ae60-4f6d-9638-dfa1ba8babb2
magaza 4,MOR2511150923W4,10000,195 R14,Lassa,,TR,2025,855.0,58,49590.0,cd551d2d-14c4-4871-bc18-b8c0bf53c53b,d7ee045e-88a3-407b-b152-73cfaecac2f3
magaza 4,MOR2511150923W4,10000,175/70 R13 82T,Lassa,,TR,2025,450.0,1,450.0,3433c542-3646-4b08-b87d-74fd93574149,f8de00f7-c8ef-414b-a61d-883e8507c60c
magaza 4,MOR2511150923W4,10000,205/70 R15 96T,Lassa,,TR,2025,980.0,10,9800.0,93d75486-ade6-4271-b097-46ff6ff4c4b4,ee041ecf-3d03-4822-b6cf-e89cc2178c47
magaza 4,MOR2511150923W4,10000,175/65 R14 82T,Lassa(Green),,TR,2026,465.0,6,2790.0,c13f2b95-6f65-4f17-868a-e3c842554ea1,c06ec856-6b62-4b58-9998-c0824e227304
magaza 4,MOR2511150923W4,10000,195 R15,Lassa,,TR,2025,980.0,1,980.0,e89fac2d-82c2-4808-92e8-2f053eb41a91,d2493c04-454f-4f49-b6d4-72bc710123cd
magaza 4,MOR2511150923W4,10000,235/65 R16 103T,Lassa,,TR,2025,1250.0,8,10000.0,fe5e2286-e231-47c3-a9ef-3b222f007d06,3ea6233f-fe92-45ac-b4e0-cac1f2e9b18a
magaza 4,MOR2511150923W4,10000,195/65 R15 91T,Petlas,,TR,2025,500.0,3,1500.0,116d4b89-478d-493b-906c-be18b8ac932a,8f1b75c1-af36-45cf-ad82-05d64518cbd0
magaza 4,MOR2511150923W4,10000,225/70 R15 100T,Lassa,,TR,2025,995.0,18,17910.0,c38f6780-914d-4076-8194-b56f36831774,6df57b6d-6b9d-4b9d-aa5e-a1731e3f5c5b
magaza 4,MOR2511150923W4,10000,215/65 R16 98T,Lassa(Revola),,TR,2026,850.0,0,0.0,9e2ef2e8-134c-43fc-86e7-4419f631d96b,2f207ed7-e80a-432b-b3fe-05b02e71a1ff
magaza 4,MOR2511150923W4,10000,750 R16,Lassa,,TR,2025,830.0,0,0.0,6bbeb3d3-6ca8-47f6-8460-1b24186e50b5,95d08bf8-cfe6-4925-936c-c943fd8dc129
magaza 4,MOR2511150923W4,10000,8.5 R17.5,Triangle,,CN,2025,1400.0,2,2800.0,02b0f321-946a-41e7-9222-9668b77a0ec5,8b4a0aee-57d6-473f-b757-436b334c583a
magaza 4,MOR2511150923W4,10000,205/55 R16 91V,Leufenn,,HU,2025,570.0,9,5130.0,13daa4e8-cf11-40d6-994d-b579cb84bc0d,f0329d59-2752-411d-8672-acf1a3a83e39
magaza 4,MOR2511150923W4,10000,195/65 R15 91T,Leufenn,,HU,2025,500.0,1,500.0,a7dad908-cb00-412c-81d5-783ac3039bd1,fbc3ecff-76a0-43d4-875e-cf6711e7217b
magaza 4,MOR2511150923W4,10000,215/70 R15 98T,Lassa,,TR,2025,975.0,11,10725.0,cf5c0517-f127-4c0e-b29d-8de0bf853f3d,5dd05077-c632-48b4-b236-674f649793f3
magaza 4,MOR2511150923W4,10000,175/70 R13 82T,Lassa(Green),,TR,2026,450.0,1,450.0,8c891e01-6672-47ab-9373-21e928af4aa5,e70a2f1a-7a71-452d-b54b-5ba9ab163731
magaza 4,MOR2511150923W4,10000,195/60 R16 C,Lassa,,TR,2025,895.0,0,0.0,10b96300-d0f6-46a6-9903-a34c2bbf7489,d6b75ae9-8261-44c5-b2ad-7dd48f3bd41d
magaza 4,MOR2511150923W4,10000,185 R14,Lassa,,TR,2025,780.0,1,780.0,833bc1aa-b391-4e13-ae7e-d22c23b1899b,0d875c2c-a327-4e58-95cf-558e5de40bbb
magaza 4,MOR2511150923W4,10000,195 R14,Starmaxx,,TR,2025,750.0,0,0.0,6179f383-284e-49cd-b3a2-1747176a1260,42ec1d45-7535-4a8e-96e4-fad1dbb28d7b
magaza 4,MOR2511150923W4,10000,185/65 R15 88T,Triangle,,CN,2025,480.0,20,9600.0,ee122b21-01c4-4a08-8a75-0da37fbb9012,3bd71abd-2044-4b92-b02c-886f3c3800c9
magaza 4,MOR2511150923W4,10000,185/65 R15 88T,Starmaxx,,TR,2025,440.0,0,0.0,d5445c5b-de04-4050-b6cf-fecce69d92e8,1951f7e3-b252-4dff-9ec1-42ec39e11a9d
magaza 4,MOR2511150923W4,10000,165/70 R13 79T,Leao,,CN,2026,350.0,8,2800.0,55bbee86-8409-4f1b-b83b-a27dc4854d84,342077f8-25b6-4557-ab7d-ef1e1739b14b
magaza 4,MOR2511150923W4,10000,9.5 R17.5,Triangle,,CN,2025,1800.0,2,3600.0,f2e055ea-f72c-4107-a560-039787b2a8d3,39ec64d6-1989-4962-bec0-31da35d21901
magaza 4,MOR2511150923W4,10000,215/55 R16 93V,Delinte,,TR,2025,635.0,21,13335.0,09712e60-3952-49f5-b49a-5f3f098b5368,8f0f43a6-1fdc-41f1-a6a8-25f59c13de8d
magaza 4,MOR2511150923W4,10000,185 R14,Starmaxx,,TR,2025,690.0,0,0.0,14ff9d15-e387-46bd-b84d-c2b45b08ba2b,a3192e22-7bfc-4293-82e7-3b56a796ea25
magaza 4,MOR2511150923W4,10000,205 R14,Starmaxx,,TR,2025,800.0,0,0.0,d223e2c0-44d6-49a1-ab1d-74a403479a5b,52f95050-a2ae-4801-805f-3711c03dbaf3
magaza 4,MOR2511150923W4,10000,175/70 R14 84T,Starmaxx,,TR,2025,420.0,0,0.0,9b51cebb-b708-4b5d-91af-0f13552e91da,7960f777-5618-4f13-b4a1-b3f351aa124d
magaza 4,MOR2511150923W4,10000,165/70 R13 79T,Montreal,,CA,2025,340.0,0,0.0,b709ecdd-4326-443f-b874-b2c4cda45c37,24776a07-0be4-46fd-85c3-adba54c2951e
magaza 4,MOR2511150923W4,10000,155 R12 C,Boto,,CN,2025,360.0,13,4680.0,c6a2e40d-0043-453d-9311-47c9c8f29e7a,4e7c5c66-bd75-444b-950f-8445aad4aba0
magaza 4,MOR2511150923W4,10000,245/35 R20,Delinte,,TR,2025,1200.0,0,0.0,7bc1ef3e-ca2f-4f1b-b62e-1188514630c5,1b69ed43-6928-4555-b620-64ef7d620849
magaza 4,MOR2511150923W4,10000,215/65 R16 98T,Delinte,,TR,2025,670.0,38,25460.0,caa0d065-2475-445c-a35b-b6d465fe2a94,3ead0375-72f7-40e6-b879-b59d55e3c454
magaza 4,MOR2511150923W4,10000,215/65 R16 98T,Boto,,CN,2025,650.0,18,11700.0,b43d95f8-8850-478b-8d30-d1eefc8e29a5,dd23a799-be34-4ad4-88a2-e87ee30893a4
magaza 4,MOR2511150923W4,10000,225/45 R17 91V XL,Delinte,,TR,2025,615.0,40,24600.0,eeef4463-d8de-4df5-929f-129da4cddc6c,505bbee2-617e-4bcf-b318-4031196a55dd
magaza 4,MOR2511150923W4,10000,225/45 R17 91V XL,Boto,,CN,2025,600.0,19,11400.0,3318f6dd-3c0b-4fc2-963f-0cadf7c63060,e2021d81-eabb-4f57-bc28-6c0e62bced4b
magaza 4,MOR2511150923W4,10000,175/65 R14 82T,Boto,,CN,2025,370.0,0,0.0,b61dc18f-d4ff-4d05-829a-15e5d7465b40,cfb6b781-8f9b-4b01-ab45-cd5f838f04eb
magaza 4,MOR2511150923W4,10000,195/75 R16 C,Lassa,,TR,2025,1050.0,1,1050.0,7d8b3763-0daf-414d-a21b-0fc73e424d47,cfe0c6d5-b70a-46d0-a442-c5e1400303be
magaza 4,MOR2511150923W4,10000,185/65 R14 86H,Petlas,,TR,2025,440.0,12,5280.0,30ad49fd-8427-4b9c-a95c-a4177071f7df,19248ec3-3016-414c-a78a-773c498789fd
magaza 4,MOR2511150923W4,10000,185/65 R15 88T,Amine,,TN,2026,535.0,156,83460.0,5b849943-5bcd-4033-a7c8-4d2d9cd560e2,52198649-d5b4-4652-a631-cbec0b7ca80c
magaza 4,MOR2511150923W4,10000,155 R12 C,Petlas,,TR,2025,440.0,28,12320.0,88c6d509-44ed-40d2-b771-63bc3b8cd1f7,16738532-6afe-4a35-8078-ecbcaaa2634c
magaza 4,MOR2511150923W4,10000,195/55 R16 87V,Petlas,,TR,2025,590.0,43,25370.0,09402f6a-2843-4c9d-825b-0ee19f62b78d,720dd52d-7f94-45eb-b10b-d745d4b066f6
magaza 4,MOR2511150923W4,10000,175/65 R14 82T,Petlas,,TR,2025,415.0,118,48970.0,c5eda0a2-ec56-4b97-8425-56d3ac5ffd4d,3f00f01d-5c66-49e2-bf5e-51f68484d575
magaza 4,MOR2511150923W4,10000,215/70 R15 98T,Petlas,,TR,2025,875.0,20,17500.0,623839ab-7fca-4b09-a0da-f30074315878,eaa6144b-0b33-4915-8c8e-7f7783b9f796
magaza 4,MOR2511150923W4,10000,195/70 R15 C,Petlas,,TR,2025,765.0,20,15300.0,a9789096-0728-4fc8-908b-e300acaed28e,607fdd65-30d7-4117-b855-753ed96316d7
magaza 4,MOR2511150923W4,10000,185/65 R15 88T,Petlas,,TR,2025,455.0,100,45500.0,607c0855-f539-48e9-8c52-4de87a1b2f5d,41d8ea85-9261-4968-9008-2a6e18c2faf0
magaza 4,MOR2511150923W4,10000,175/70 R14 84T,Amine,,TN,2026,480.0,54,25920.0,82a53daf-713f-4850-aea5-5d810ac6fe48,cbb80ca9-7843-4db9-a09d-0346a87ca7ef
